breed,filename
Abyssinian,Abyssinian_1.jpg
Abyssinian,Abyssinian_10.jpg
Abyssinian,Abyssinian_100.jpg
Abyssinian,Abyssinian_101.jpg
Abyssinian,Abyssinian_102.jpg
Abyssinian,Abyssinian_103.jpg
Abyssinian,Abyssinian_104.jpg
Abyssinian,Abyssinian_105.jpg
Abyssinian,Abyssinian_106.jpg
Abyssinian,Abyssinian_107.jpg
Abyssinian,Abyssinian_108.jpg
Abyssinian,Abyssinian_109.jpg
Abyssinian,Abyssinian_11.jpg
Abyssinian,Abyssinian_110.jpg
Abyssinian,Abyssinian_111.jpg
Abyssinian,Abyssinian_112.jpg
Abyssinian,Abyssinian_113.jpg
Abyssinian,Abyssinian_114.jpg
Abyssinian,Abyssinian_115.jpg
Abyssinian,Abyssinian_116.jpg
Abyssinian,Abyssinian_117.jpg
Abyssinian,Abyssinian_118.jpg
Abyssinian,Abyssinian_119.jpg
Abyssinian,Abyssinian_12.jpg
Abyssinian,Abyssinian_120.jpg
Abyssinian,Abyssinian_121.jpg
Abyssinian,Abyssinian_122.jpg
Abyssinian,Abyssinian_123.jpg
Abyssinian,Abyssinian_124.jpg
Abyssinian,Abyssinian_125.jpg
Abyssinian,Abyssinian_126.jpg
Abyssinian,Abyssinian_127.jpg
Abyssinian,Abyssinian_128.jpg
Abyssinian,Abyssinian_129.jpg
Abyssinian,Abyssinian_13.jpg
Abyssinian,Abyssinian_130.jpg
Abyssinian,Abyssinian_131.jpg
Abyssinian,Abyssinian_132.jpg
Abyssinian,Abyssinian_133.jpg
Abyssinian,Abyssinian_134.jpg
Abyssinian,Abyssinian_135.jpg
Abyssinian,Abyssinian_136.jpg
Abyssinian,Abyssinian_137.jpg
Abyssinian,Abyssinian_138.jpg
Abyssinian,Abyssinian_139.jpg
Abyssinian,Abyssinian_14.jpg
Abyssinian,Abyssinian_140.jpg
Abyssinian,Abyssinian_141.jpg
Abyssinian,Abyssinian_142.jpg
Abyssinian,Abyssinian_143.jpg
Abyssinian,Abyssinian_144.jpg
Abyssinian,Abyssinian_145.jpg
Abyssinian,Abyssinian_146.jpg
Abyssinian,Abyssinian_148.jpg
Abyssinian,Abyssinian_149.jpg
Abyssinian,Abyssinian_15.jpg
Abyssinian,Abyssinian_150.jpg
Abyssinian,Abyssinian_151.jpg
Abyssinian,Abyssinian_152.jpg
Abyssinian,Abyssinian_153.jpg
Abyssinian,Abyssinian_154.jpg
Abyssinian,Abyssinian_155.jpg
Abyssinian,Abyssinian_156.jpg
Abyssinian,Abyssinian_157.jpg
Abyssinian,Abyssinian_158.jpg
Abyssinian,Abyssinian_159.jpg
Abyssinian,Abyssinian_16.jpg
Abyssinian,Abyssinian_160.jpg
Abyssinian,Abyssinian_161.jpg
Abyssinian,Abyssinian_164.jpg
Abyssinian,Abyssinian_165.jpg
Abyssinian,Abyssinian_166.jpg
Abyssinian,Abyssinian_167.jpg
Abyssinian,Abyssinian_168.jpg
Abyssinian,Abyssinian_169.jpg
Abyssinian,Abyssinian_17.jpg
Abyssinian,Abyssinian_170.jpg
Abyssinian,Abyssinian_172.jpg
Abyssinian,Abyssinian_173.jpg
Abyssinian,Abyssinian_174.jpg
Abyssinian,Abyssinian_175.jpg
Abyssinian,Abyssinian_176.jpg
Abyssinian,Abyssinian_177.jpg
Abyssinian,Abyssinian_178.jpg
Abyssinian,Abyssinian_179.jpg
Abyssinian,Abyssinian_18.jpg
Abyssinian,Abyssinian_180.jpg
Abyssinian,Abyssinian_181.jpg
Abyssinian,Abyssinian_182.jpg
Abyssinian,Abyssinian_183.jpg
Abyssinian,Abyssinian_184.jpg
Abyssinian,Abyssinian_185.jpg
Abyssinian,Abyssinian_19.jpg
Abyssinian,Abyssinian_190.jpg
Abyssinian,Abyssinian_191.jpg
Abyssinian,Abyssinian_192.jpg
Abyssinian,Abyssinian_193.jpg
Abyssinian,Abyssinian_195.jpg
Abyssinian,Abyssinian_196.jpg
Abyssinian,Abyssinian_197.jpg
Abyssinian,Abyssinian_2.jpg
Abyssinian,Abyssinian_20.jpg
Abyssinian,Abyssinian_201.jpg
Abyssinian,Abyssinian_202.jpg
Abyssinian,Abyssinian_204.jpg
Abyssinian,Abyssinian_205.jpg
Abyssinian,Abyssinian_206.jpg
Abyssinian,Abyssinian_207.jpg
Abyssinian,Abyssinian_21.jpg
Abyssinian,Abyssinian_210.jpg
Abyssinian,Abyssinian_212.jpg
Abyssinian,Abyssinian_213.jpg
Abyssinian,Abyssinian_215.jpg
Abyssinian,Abyssinian_216.jpg
Abyssinian,Abyssinian_217.jpg
Abyssinian,Abyssinian_219.jpg
Abyssinian,Abyssinian_22.jpg
Abyssinian,Abyssinian_220.jpg
Abyssinian,Abyssinian_221.jpg
Abyssinian,Abyssinian_223.jpg
Abyssinian,Abyssinian_224.jpg
Abyssinian,Abyssinian_225.jpg
Abyssinian,Abyssinian_226.jpg
Abyssinian,Abyssinian_228.jpg
Abyssinian,Abyssinian_230.jpg
Abyssinian,Abyssinian_232.jpg
Abyssinian,Abyssinian_24.jpg
Abyssinian,Abyssinian_25.jpg
Abyssinian,Abyssinian_26.jpg
Abyssinian,Abyssinian_27.jpg
Abyssinian,Abyssinian_29.jpg
Abyssinian,Abyssinian_3.jpg
Abyssinian,Abyssinian_30.jpg
Abyssinian,Abyssinian_31.jpg
Abyssinian,Abyssinian_32.jpg
Abyssinian,Abyssinian_33.jpg
Abyssinian,Abyssinian_34.jpg
Abyssinian,Abyssinian_36.jpg
Abyssinian,Abyssinian_37.jpg
Abyssinian,Abyssinian_4.jpg
Abyssinian,Abyssinian_40.jpg
Abyssinian,Abyssinian_43.jpg
Abyssinian,Abyssinian_44.jpg
Abyssinian,Abyssinian_45.jpg
Abyssinian,Abyssinian_46.jpg
Abyssinian,Abyssinian_47.jpg
Abyssinian,Abyssinian_48.jpg
Abyssinian,Abyssinian_49.jpg
Abyssinian,Abyssinian_5.jpg
Abyssinian,Abyssinian_50.jpg
Abyssinian,Abyssinian_51.jpg
Abyssinian,Abyssinian_52.jpg
Abyssinian,Abyssinian_54.jpg
Abyssinian,Abyssinian_55.jpg
Abyssinian,Abyssinian_56.jpg
Abyssinian,Abyssinian_57.jpg
Abyssinian,Abyssinian_58.jpg
Abyssinian,Abyssinian_6.jpg
Abyssinian,Abyssinian_60.jpg
Abyssinian,Abyssinian_61.jpg
Abyssinian,Abyssinian_62.jpg
Abyssinian,Abyssinian_63.jpg
Abyssinian,Abyssinian_65.jpg
Abyssinian,Abyssinian_66.jpg
Abyssinian,Abyssinian_67.jpg
Abyssinian,Abyssinian_68.jpg
Abyssinian,Abyssinian_69.jpg
Abyssinian,Abyssinian_7.jpg
Abyssinian,Abyssinian_70.jpg
Abyssinian,Abyssinian_71.jpg
Abyssinian,Abyssinian_72.jpg
Abyssinian,Abyssinian_73.jpg
Abyssinian,Abyssinian_74.jpg
Abyssinian,Abyssinian_75.jpg
Abyssinian,Abyssinian_76.jpg
Abyssinian,Abyssinian_77.jpg
Abyssinian,Abyssinian_78.jpg
Abyssinian,Abyssinian_79.jpg
Abyssinian,Abyssinian_8.jpg
Abyssinian,Abyssinian_80.jpg
Abyssinian,Abyssinian_81.jpg
Abyssinian,Abyssinian_82.jpg
Abyssinian,Abyssinian_83.jpg
Abyssinian,Abyssinian_84.jpg
Abyssinian,Abyssinian_85.jpg
Abyssinian,Abyssinian_86.jpg
Abyssinian,Abyssinian_87.jpg
Abyssinian,Abyssinian_88.jpg
Abyssinian,Abyssinian_89.jpg
Abyssinian,Abyssinian_9.jpg
Abyssinian,Abyssinian_90.jpg
Abyssinian,Abyssinian_91.jpg
Abyssinian,Abyssinian_92.jpg
Abyssinian,Abyssinian_93.jpg
Abyssinian,Abyssinian_94.jpg
Abyssinian,Abyssinian_95.jpg
Abyssinian,Abyssinian_96.jpg
Abyssinian,Abyssinian_97.jpg
Abyssinian,Abyssinian_98.jpg
Abyssinian,Abyssinian_99.jpg
Bengal,Bengal_1.jpg
Bengal,Bengal_10.jpg
Bengal,Bengal_100.jpg
Bengal,Bengal_101.jpg
Bengal,Bengal_102.jpg
Bengal,Bengal_103.jpg
Bengal,Bengal_104.jpg
Bengal,Bengal_105.jpg
Bengal,Bengal_106.jpg
Bengal,Bengal_107.jpg
Bengal,Bengal_108.jpg
Bengal,Bengal_109.jpg
Bengal,Bengal_11.jpg
Bengal,Bengal_110.jpg
Bengal,Bengal_111.jpg
Bengal,Bengal_112.jpg
Bengal,Bengal_113.jpg
Bengal,Bengal_114.jpg
Bengal,Bengal_115.jpg
Bengal,Bengal_116.jpg
Bengal,Bengal_117.jpg
Bengal,Bengal_118.jpg
Bengal,Bengal_119.jpg
Bengal,Bengal_12.jpg
Bengal,Bengal_120.jpg
Bengal,Bengal_121.jpg
Bengal,Bengal_122.jpg
Bengal,Bengal_123.jpg
Bengal,Bengal_124.jpg
Bengal,Bengal_125.jpg
Bengal,Bengal_126.jpg
Bengal,Bengal_127.jpg
Bengal,Bengal_128.jpg
Bengal,Bengal_129.jpg
Bengal,Bengal_13.jpg
Bengal,Bengal_130.jpg
Bengal,Bengal_131.jpg
Bengal,Bengal_132.jpg
Bengal,Bengal_133.jpg
Bengal,Bengal_134.jpg
Bengal,Bengal_135.jpg
Bengal,Bengal_136.jpg
Bengal,Bengal_137.jpg
Bengal,Bengal_138.jpg
Bengal,Bengal_139.jpg
Bengal,Bengal_14.jpg
Bengal,Bengal_140.jpg
Bengal,Bengal_141.jpg
Bengal,Bengal_142.jpg
Bengal,Bengal_143.jpg
Bengal,Bengal_144.jpg
Bengal,Bengal_145.jpg
Bengal,Bengal_146.jpg
Bengal,Bengal_147.jpg
Bengal,Bengal_148.jpg
Bengal,Bengal_149.jpg
Bengal,Bengal_15.jpg
Bengal,Bengal_150.jpg
Bengal,Bengal_151.jpg
Bengal,Bengal_152.jpg
Bengal,Bengal_153.jpg
Bengal,Bengal_154.jpg
Bengal,Bengal_155.jpg
Bengal,Bengal_156.jpg
Bengal,Bengal_157.jpg
Bengal,Bengal_158.jpg
Bengal,Bengal_159.jpg
Bengal,Bengal_16.jpg
Bengal,Bengal_160.jpg
Bengal,Bengal_161.jpg
Bengal,Bengal_162.jpg
Bengal,Bengal_163.jpg
Bengal,Bengal_164.jpg
Bengal,Bengal_165.jpg
Bengal,Bengal_166.jpg
Bengal,Bengal_167.jpg
Bengal,Bengal_168.jpg
Bengal,Bengal_169.jpg
Bengal,Bengal_17.jpg
Bengal,Bengal_170.jpg
Bengal,Bengal_171.jpg
Bengal,Bengal_172.jpg
Bengal,Bengal_173.jpg
Bengal,Bengal_174.jpg
Bengal,Bengal_175.jpg
Bengal,Bengal_176.jpg
Bengal,Bengal_177.jpg
Bengal,Bengal_178.jpg
Bengal,Bengal_179.jpg
Bengal,Bengal_18.jpg
Bengal,Bengal_180.jpg
Bengal,Bengal_182.jpg
Bengal,Bengal_183.jpg
Bengal,Bengal_184.jpg
Bengal,Bengal_185.jpg
Bengal,Bengal_186.jpg
Bengal,Bengal_187.jpg
Bengal,Bengal_188.jpg
Bengal,Bengal_189.jpg
Bengal,Bengal_19.jpg
Bengal,Bengal_190.jpg
Bengal,Bengal_191.jpg
Bengal,Bengal_192.jpg
Bengal,Bengal_193.jpg
Bengal,Bengal_194.jpg
Bengal,Bengal_195.jpg
Bengal,Bengal_196.jpg
Bengal,Bengal_197.jpg
Bengal,Bengal_198.jpg
Bengal,Bengal_199.jpg
Bengal,Bengal_2.jpg
Bengal,Bengal_20.jpg
Bengal,Bengal_200.jpg
Bengal,Bengal_201.jpg
Bengal,Bengal_21.jpg
Bengal,Bengal_22.jpg
Bengal,Bengal_23.jpg
Bengal,Bengal_24.jpg
Bengal,Bengal_25.jpg
Bengal,Bengal_26.jpg
Bengal,Bengal_27.jpg
Bengal,Bengal_28.jpg
Bengal,Bengal_29.jpg
Bengal,Bengal_3.jpg
Bengal,Bengal_30.jpg
Bengal,Bengal_31.jpg
Bengal,Bengal_32.jpg
Bengal,Bengal_33.jpg
Bengal,Bengal_34.jpg
Bengal,Bengal_35.jpg
Bengal,Bengal_36.jpg
Bengal,Bengal_37.jpg
Bengal,Bengal_38.jpg
Bengal,Bengal_39.jpg
Bengal,Bengal_4.jpg
Bengal,Bengal_40.jpg
Bengal,Bengal_41.jpg
Bengal,Bengal_42.jpg
Bengal,Bengal_43.jpg
Bengal,Bengal_44.jpg
Bengal,Bengal_45.jpg
Bengal,Bengal_46.jpg
Bengal,Bengal_47.jpg
Bengal,Bengal_48.jpg
Bengal,Bengal_49.jpg
Bengal,Bengal_5.jpg
Bengal,Bengal_50.jpg
Bengal,Bengal_51.jpg
Bengal,Bengal_52.jpg
Bengal,Bengal_53.jpg
Bengal,Bengal_54.jpg
Bengal,Bengal_55.jpg
Bengal,Bengal_56.jpg
Bengal,Bengal_57.jpg
Bengal,Bengal_58.jpg
Bengal,Bengal_59.jpg
Bengal,Bengal_6.jpg
Bengal,Bengal_60.jpg
Bengal,Bengal_61.jpg
Bengal,Bengal_62.jpg
Bengal,Bengal_63.jpg
Bengal,Bengal_64.jpg
Bengal,Bengal_65.jpg
Bengal,Bengal_66.jpg
Bengal,Bengal_67.jpg
Bengal,Bengal_68.jpg
Bengal,Bengal_69.jpg
Bengal,Bengal_7.jpg
Bengal,Bengal_70.jpg
Bengal,Bengal_71.jpg
Bengal,Bengal_72.jpg
Bengal,Bengal_73.jpg
Bengal,Bengal_74.jpg
Bengal,Bengal_75.jpg
Bengal,Bengal_76.jpg
Bengal,Bengal_77.jpg
Bengal,Bengal_78.jpg
Bengal,Bengal_79.jpg
Bengal,Bengal_8.jpg
Bengal,Bengal_80.jpg
Bengal,Bengal_81.jpg
Bengal,Bengal_82.jpg
Bengal,Bengal_83.jpg
Bengal,Bengal_84.jpg
Bengal,Bengal_85.jpg
Bengal,Bengal_86.jpg
Bengal,Bengal_87.jpg
Bengal,Bengal_88.jpg
Bengal,Bengal_89.jpg
Bengal,Bengal_9.jpg
Bengal,Bengal_90.jpg
Bengal,Bengal_91.jpg
Bengal,Bengal_92.jpg
Bengal,Bengal_93.jpg
Bengal,Bengal_94.jpg
Bengal,Bengal_95.jpg
Bengal,Bengal_96.jpg
Bengal,Bengal_97.jpg
Bengal,Bengal_98.jpg
Bengal,Bengal_99.jpg
Birman,Birman_1.jpg
Birman,Birman_10.jpg
Birman,Birman_100.jpg
Birman,Birman_101.jpg
Birman,Birman_102.jpg
Birman,Birman_103.jpg
Birman,Birman_104.jpg
Birman,Birman_105.jpg
Birman,Birman_106.jpg
Birman,Birman_107.jpg
Birman,Birman_108.jpg
Birman,Birman_109.jpg
Birman,Birman_11.jpg
Birman,Birman_110.jpg
Birman,Birman_111.jpg
Birman,Birman_112.jpg
Birman,Birman_113.jpg
Birman,Birman_114.jpg
Birman,Birman_115.jpg
Birman,Birman_116.jpg
Birman,Birman_117.jpg
Birman,Birman_118.jpg
Birman,Birman_119.jpg
Birman,Birman_12.jpg
Birman,Birman_120.jpg
Birman,Birman_121.jpg
Birman,Birman_122.jpg
Birman,Birman_123.jpg
Birman,Birman_124.jpg
Birman,Birman_125.jpg
Birman,Birman_126.jpg
Birman,Birman_127.jpg
Birman,Birman_128.jpg
Birman,Birman_129.jpg
Birman,Birman_13.jpg
Birman,Birman_130.jpg
Birman,Birman_131.jpg
Birman,Birman_132.jpg
Birman,Birman_133.jpg
Birman,Birman_134.jpg
Birman,Birman_135.jpg
Birman,Birman_136.jpg
Birman,Birman_137.jpg
Birman,Birman_138.jpg
Birman,Birman_139.jpg
Birman,Birman_14.jpg
Birman,Birman_140.jpg
Birman,Birman_141.jpg
Birman,Birman_142.jpg
Birman,Birman_143.jpg
Birman,Birman_144.jpg
Birman,Birman_145.jpg
Birman,Birman_146.jpg
Birman,Birman_147.jpg
Birman,Birman_148.jpg
Birman,Birman_149.jpg
Birman,Birman_15.jpg
Birman,Birman_150.jpg
Birman,Birman_151.jpg
Birman,Birman_152.jpg
Birman,Birman_153.jpg
Birman,Birman_154.jpg
Birman,Birman_155.jpg
Birman,Birman_156.jpg
Birman,Birman_157.jpg
Birman,Birman_158.jpg
Birman,Birman_159.jpg
Birman,Birman_16.jpg
Birman,Birman_160.jpg
Birman,Birman_161.jpg
Birman,Birman_162.jpg
Birman,Birman_163.jpg
Birman,Birman_164.jpg
Birman,Birman_165.jpg
Birman,Birman_166.jpg
Birman,Birman_167.jpg
Birman,Birman_168.jpg
Birman,Birman_169.jpg
Birman,Birman_17.jpg
Birman,Birman_170.jpg
Birman,Birman_171.jpg
Birman,Birman_172.jpg
Birman,Birman_173.jpg
Birman,Birman_174.jpg
Birman,Birman_175.jpg
Birman,Birman_176.jpg
Birman,Birman_177.jpg
Birman,Birman_178.jpg
Birman,Birman_179.jpg
Birman,Birman_18.jpg
Birman,Birman_180.jpg
Birman,Birman_181.jpg
Birman,Birman_182.jpg
Birman,Birman_183.jpg
Birman,Birman_184.jpg
Birman,Birman_185.jpg
Birman,Birman_186.jpg
Birman,Birman_187.jpg
Birman,Birman_188.jpg
Birman,Birman_189.jpg
Birman,Birman_19.jpg
Birman,Birman_190.jpg
Birman,Birman_191.jpg
Birman,Birman_192.jpg
Birman,Birman_193.jpg
Birman,Birman_194.jpg
Birman,Birman_196.jpg
Birman,Birman_197.jpg
Birman,Birman_198.jpg
Birman,Birman_199.jpg
Birman,Birman_2.jpg
Birman,Birman_20.jpg
Birman,Birman_200.jpg
Birman,Birman_201.jpg
Birman,Birman_21.jpg
Birman,Birman_22.jpg
Birman,Birman_23.jpg
Birman,Birman_24.jpg
Birman,Birman_25.jpg
Birman,Birman_26.jpg
Birman,Birman_27.jpg
Birman,Birman_28.jpg
Birman,Birman_29.jpg
Birman,Birman_3.jpg
Birman,Birman_30.jpg
Birman,Birman_31.jpg
Birman,Birman_32.jpg
Birman,Birman_33.jpg
Birman,Birman_34.jpg
Birman,Birman_35.jpg
Birman,Birman_36.jpg
Birman,Birman_37.jpg
Birman,Birman_38.jpg
Birman,Birman_39.jpg
Birman,Birman_4.jpg
Birman,Birman_40.jpg
Birman,Birman_41.jpg
Birman,Birman_42.jpg
Birman,Birman_43.jpg
Birman,Birman_44.jpg
Birman,Birman_45.jpg
Birman,Birman_46.jpg
Birman,Birman_47.jpg
Birman,Birman_48.jpg
Birman,Birman_49.jpg
Birman,Birman_5.jpg
Birman,Birman_50.jpg
Birman,Birman_51.jpg
Birman,Birman_52.jpg
Birman,Birman_53.jpg
Birman,Birman_54.jpg
Birman,Birman_55.jpg
Birman,Birman_56.jpg
Birman,Birman_57.jpg
Birman,Birman_58.jpg
Birman,Birman_59.jpg
Birman,Birman_6.jpg
Birman,Birman_60.jpg
Birman,Birman_61.jpg
Birman,Birman_62.jpg
Birman,Birman_63.jpg
Birman,Birman_64.jpg
Birman,Birman_65.jpg
Birman,Birman_66.jpg
Birman,Birman_67.jpg
Birman,Birman_68.jpg
Birman,Birman_69.jpg
Birman,Birman_7.jpg
Birman,Birman_70.jpg
Birman,Birman_71.jpg
Birman,Birman_72.jpg
Birman,Birman_73.jpg
Birman,Birman_74.jpg
Birman,Birman_75.jpg
Birman,Birman_76.jpg
Birman,Birman_77.jpg
Birman,Birman_78.jpg
Birman,Birman_79.jpg
Birman,Birman_8.jpg
Birman,Birman_80.jpg
Birman,Birman_81.jpg
Birman,Birman_82.jpg
Birman,Birman_83.jpg
Birman,Birman_84.jpg
Birman,Birman_85.jpg
Birman,Birman_86.jpg
Birman,Birman_87.jpg
Birman,Birman_88.jpg
Birman,Birman_89.jpg
Birman,Birman_9.jpg
Birman,Birman_90.jpg
Birman,Birman_91.jpg
Birman,Birman_92.jpg
Birman,Birman_93.jpg
Birman,Birman_94.jpg
Birman,Birman_95.jpg
Birman,Birman_96.jpg
Birman,Birman_97.jpg
Birman,Birman_98.jpg
Birman,Birman_99.jpg
Bombay,Bombay_1.jpg
Bombay,Bombay_10.jpg
Bombay,Bombay_100.jpg
Bombay,Bombay_101.jpg
Bombay,Bombay_102.jpg
Bombay,Bombay_103.jpg
Bombay,Bombay_104.jpg
Bombay,Bombay_105.jpg
Bombay,Bombay_106.jpg
Bombay,Bombay_107.jpg
Bombay,Bombay_108.jpg
Bombay,Bombay_109.jpg
Bombay,Bombay_11.jpg
Bombay,Bombay_110.jpg
Bombay,Bombay_111.jpg
Bombay,Bombay_112.jpg
Bombay,Bombay_113.jpg
Bombay,Bombay_114.jpg
Bombay,Bombay_115.jpg
Bombay,Bombay_116.jpg
Bombay,Bombay_117.jpg
Bombay,Bombay_118.jpg
Bombay,Bombay_119.jpg
Bombay,Bombay_12.jpg
Bombay,Bombay_120.jpg
Bombay,Bombay_121.jpg
Bombay,Bombay_122.jpg
Bombay,Bombay_123.jpg
Bombay,Bombay_125.jpg
Bombay,Bombay_126.jpg
Bombay,Bombay_127.jpg
Bombay,Bombay_128.jpg
Bombay,Bombay_129.jpg
Bombay,Bombay_13.jpg
Bombay,Bombay_130.jpg
Bombay,Bombay_131.jpg
Bombay,Bombay_132.jpg
Bombay,Bombay_133.jpg
Bombay,Bombay_134.jpg
Bombay,Bombay_135.jpg
Bombay,Bombay_136.jpg
Bombay,Bombay_137.jpg
Bombay,Bombay_138.jpg
Bombay,Bombay_139.jpg
Bombay,Bombay_14.jpg
Bombay,Bombay_140.jpg
Bombay,Bombay_141.jpg
Bombay,Bombay_143.jpg
Bombay,Bombay_144.jpg
Bombay,Bombay_145.jpg
Bombay,Bombay_146.jpg
Bombay,Bombay_148.jpg
Bombay,Bombay_15.jpg
Bombay,Bombay_150.jpg
Bombay,Bombay_151.jpg
Bombay,Bombay_152.jpg
Bombay,Bombay_153.jpg
Bombay,Bombay_154.jpg
Bombay,Bombay_155.jpg
Bombay,Bombay_156.jpg
Bombay,Bombay_157.jpg
Bombay,Bombay_158.jpg
Bombay,Bombay_159.jpg
Bombay,Bombay_16.jpg
Bombay,Bombay_160.jpg
Bombay,Bombay_161.jpg
Bombay,Bombay_162.jpg
Bombay,Bombay_163.jpg
Bombay,Bombay_164.jpg
Bombay,Bombay_166.jpg
Bombay,Bombay_167.jpg
Bombay,Bombay_168.jpg
Bombay,Bombay_169.jpg
Bombay,Bombay_170.jpg
Bombay,Bombay_171.jpg
Bombay,Bombay_172.jpg
Bombay,Bombay_173.jpg
Bombay,Bombay_174.jpg
Bombay,Bombay_175.jpg
Bombay,Bombay_176.jpg
Bombay,Bombay_177.jpg
Bombay,Bombay_178.jpg
Bombay,Bombay_179.jpg
Bombay,Bombay_18.jpg
Bombay,Bombay_180.jpg
Bombay,Bombay_181.jpg
Bombay,Bombay_182.jpg
Bombay,Bombay_183.jpg
Bombay,Bombay_184.jpg
Bombay,Bombay_185.jpg
Bombay,Bombay_186.jpg
Bombay,Bombay_188.jpg
Bombay,Bombay_189.jpg
Bombay,Bombay_19.jpg
Bombay,Bombay_190.jpg
Bombay,Bombay_191.jpg
Bombay,Bombay_192.jpg
Bombay,Bombay_193.jpg
Bombay,Bombay_194.jpg
Bombay,Bombay_198.jpg
Bombay,Bombay_2.jpg
Bombay,Bombay_20.jpg
Bombay,Bombay_200.jpg
Bombay,Bombay_201.jpg
Bombay,Bombay_202.jpg
Bombay,Bombay_203.jpg
Bombay,Bombay_204.jpg
Bombay,Bombay_205.jpg
Bombay,Bombay_206.jpg
Bombay,Bombay_208.jpg
Bombay,Bombay_209.jpg
Bombay,Bombay_21.jpg
Bombay,Bombay_210.jpg
Bombay,Bombay_213.jpg
Bombay,Bombay_214.jpg
Bombay,Bombay_215.jpg
Bombay,Bombay_217.jpg
Bombay,Bombay_22.jpg
Bombay,Bombay_220.jpg
Bombay,Bombay_221.jpg
Bombay,Bombay_23.jpg
Bombay,Bombay_24.jpg
Bombay,Bombay_25.jpg
Bombay,Bombay_26.jpg
Bombay,Bombay_27.jpg
Bombay,Bombay_29.jpg
Bombay,Bombay_3.jpg
Bombay,Bombay_30.jpg
Bombay,Bombay_31.jpg
Bombay,Bombay_32.jpg
Bombay,Bombay_33.jpg
Bombay,Bombay_34.jpg
Bombay,Bombay_36.jpg
Bombay,Bombay_37.jpg
Bombay,Bombay_38.jpg
Bombay,Bombay_39.jpg
Bombay,Bombay_4.jpg
Bombay,Bombay_40.jpg
Bombay,Bombay_41.jpg
Bombay,Bombay_42.jpg
Bombay,Bombay_43.jpg
Bombay,Bombay_45.jpg
Bombay,Bombay_46.jpg
Bombay,Bombay_47.jpg
Bombay,Bombay_48.jpg
Bombay,Bombay_49.jpg
Bombay,Bombay_5.jpg
Bombay,Bombay_50.jpg
Bombay,Bombay_52.jpg
Bombay,Bombay_53.jpg
Bombay,Bombay_54.jpg
Bombay,Bombay_55.jpg
Bombay,Bombay_56.jpg
Bombay,Bombay_57.jpg
Bombay,Bombay_58.jpg
Bombay,Bombay_59.jpg
Bombay,Bombay_6.jpg
Bombay,Bombay_60.jpg
Bombay,Bombay_61.jpg
Bombay,Bombay_62.jpg
Bombay,Bombay_63.jpg
Bombay,Bombay_64.jpg
Bombay,Bombay_65.jpg
Bombay,Bombay_66.jpg
Bombay,Bombay_67.jpg
Bombay,Bombay_68.jpg
Bombay,Bombay_69.jpg
Bombay,Bombay_7.jpg
Bombay,Bombay_70.jpg
Bombay,Bombay_71.jpg
Bombay,Bombay_72.jpg
Bombay,Bombay_73.jpg
Bombay,Bombay_74.jpg
Bombay,Bombay_75.jpg
Bombay,Bombay_76.jpg
Bombay,Bombay_77.jpg
Bombay,Bombay_78.jpg
Bombay,Bombay_79.jpg
Bombay,Bombay_8.jpg
Bombay,Bombay_80.jpg
Bombay,Bombay_81.jpg
Bombay,Bombay_82.jpg
Bombay,Bombay_83.jpg
Bombay,Bombay_84.jpg
Bombay,Bombay_85.jpg
Bombay,Bombay_86.jpg
Bombay,Bombay_87.jpg
Bombay,Bombay_88.jpg
Bombay,Bombay_89.jpg
Bombay,Bombay_9.jpg
Bombay,Bombay_90.jpg
Bombay,Bombay_91.jpg
Bombay,Bombay_92.jpg
Bombay,Bombay_93.jpg
Bombay,Bombay_94.jpg
Bombay,Bombay_95.jpg
Bombay,Bombay_96.jpg
Bombay,Bombay_97.jpg
Bombay,Bombay_98.jpg
Bombay,Bombay_99.jpg
British Shorthair,British_Shorthair_10.jpg
British Shorthair,British_Shorthair_100.jpg
British Shorthair,British_Shorthair_101.jpg
British Shorthair,British_Shorthair_102.jpg
British Shorthair,British_Shorthair_103.jpg
British Shorthair,British_Shorthair_104.jpg
British Shorthair,British_Shorthair_105.jpg
British Shorthair,British_Shorthair_106.jpg
British Shorthair,British_Shorthair_107.jpg
British Shorthair,British_Shorthair_108.jpg
British Shorthair,British_Shorthair_109.jpg
British Shorthair,British_Shorthair_110.jpg
British Shorthair,British_Shorthair_111.jpg
British Shorthair,British_Shorthair_112.jpg
British Shorthair,British_Shorthair_113.jpg
British Shorthair,British_Shorthair_114.jpg
British Shorthair,British_Shorthair_115.jpg
British Shorthair,British_Shorthair_116.jpg
British Shorthair,British_Shorthair_117.jpg
British Shorthair,British_Shorthair_118.jpg
British Shorthair,British_Shorthair_119.jpg
British Shorthair,British_Shorthair_120.jpg
British Shorthair,British_Shorthair_121.jpg
British Shorthair,British_Shorthair_122.jpg
British Shorthair,British_Shorthair_123.jpg
British Shorthair,British_Shorthair_124.jpg
British Shorthair,British_Shorthair_125.jpg
British Shorthair,British_Shorthair_126.jpg
British Shorthair,British_Shorthair_127.jpg
British Shorthair,British_Shorthair_128.jpg
British Shorthair,British_Shorthair_129.jpg
British Shorthair,British_Shorthair_130.jpg
British Shorthair,British_Shorthair_133.jpg
British Shorthair,British_Shorthair_134.jpg
British Shorthair,British_Shorthair_135.jpg
British Shorthair,British_Shorthair_136.jpg
British Shorthair,British_Shorthair_137.jpg
British Shorthair,British_Shorthair_139.jpg
British Shorthair,British_Shorthair_140.jpg
British Shorthair,British_Shorthair_141.jpg
British Shorthair,British_Shorthair_144.jpg
British Shorthair,British_Shorthair_145.jpg
British Shorthair,British_Shorthair_148.jpg
British Shorthair,British_Shorthair_149.jpg
British Shorthair,British_Shorthair_15.jpg
British Shorthair,British_Shorthair_151.jpg
British Shorthair,British_Shorthair_153.jpg
British Shorthair,British_Shorthair_154.jpg
British Shorthair,British_Shorthair_155.jpg
British Shorthair,British_Shorthair_156.jpg
British Shorthair,British_Shorthair_157.jpg
British Shorthair,British_Shorthair_158.jpg
British Shorthair,British_Shorthair_159.jpg
British Shorthair,British_Shorthair_16.jpg
British Shorthair,British_Shorthair_160.jpg
British Shorthair,British_Shorthair_161.jpg
British Shorthair,British_Shorthair_162.jpg
British Shorthair,British_Shorthair_163.jpg
British Shorthair,British_Shorthair_164.jpg
British Shorthair,British_Shorthair_165.jpg
British Shorthair,British_Shorthair_166.jpg
British Shorthair,British_Shorthair_167.jpg
British Shorthair,British_Shorthair_168.jpg
British Shorthair,British_Shorthair_169.jpg
British Shorthair,British_Shorthair_17.jpg
British Shorthair,British_Shorthair_170.jpg
British Shorthair,British_Shorthair_172.jpg
British Shorthair,British_Shorthair_173.jpg
British Shorthair,British_Shorthair_174.jpg
British Shorthair,British_Shorthair_175.jpg
British Shorthair,British_Shorthair_176.jpg
British Shorthair,British_Shorthair_177.jpg
British Shorthair,British_Shorthair_178.jpg
British Shorthair,British_Shorthair_179.jpg
British Shorthair,British_Shorthair_18.jpg
British Shorthair,British_Shorthair_180.jpg
British Shorthair,British_Shorthair_181.jpg
British Shorthair,British_Shorthair_182.jpg
British Shorthair,British_Shorthair_183.jpg
British Shorthair,British_Shorthair_184.jpg
British Shorthair,British_Shorthair_185.jpg
British Shorthair,British_Shorthair_186.jpg
British Shorthair,British_Shorthair_187.jpg
British Shorthair,British_Shorthair_188.jpg
British Shorthair,British_Shorthair_189.jpg
British Shorthair,British_Shorthair_190.jpg
British Shorthair,British_Shorthair_193.jpg
British Shorthair,British_Shorthair_195.jpg
British Shorthair,British_Shorthair_196.jpg
British Shorthair,British_Shorthair_197.jpg
British Shorthair,British_Shorthair_198.jpg
British Shorthair,British_Shorthair_199.jpg
British Shorthair,British_Shorthair_2.jpg
British Shorthair,British_Shorthair_200.jpg
British Shorthair,British_Shorthair_201.jpg
British Shorthair,British_Shorthair_203.jpg
British Shorthair,British_Shorthair_204.jpg
British Shorthair,British_Shorthair_205.jpg
British Shorthair,British_Shorthair_207.jpg
British Shorthair,British_Shorthair_209.jpg
British Shorthair,British_Shorthair_21.jpg
British Shorthair,British_Shorthair_210.jpg
British Shorthair,British_Shorthair_212.jpg
British Shorthair,British_Shorthair_213.jpg
British Shorthair,British_Shorthair_218.jpg
British Shorthair,British_Shorthair_22.jpg
British Shorthair,British_Shorthair_223.jpg
British Shorthair,British_Shorthair_230.jpg
British Shorthair,British_Shorthair_239.jpg
British Shorthair,British_Shorthair_241.jpg
British Shorthair,British_Shorthair_248.jpg
British Shorthair,British_Shorthair_25.jpg
British Shorthair,British_Shorthair_258.jpg
British Shorthair,British_Shorthair_26.jpg
British Shorthair,British_Shorthair_263.jpg
British Shorthair,British_Shorthair_265.jpg
British Shorthair,British_Shorthair_266.jpg
British Shorthair,British_Shorthair_267.jpg
British Shorthair,British_Shorthair_268.jpg
British Shorthair,British_Shorthair_269.jpg
British Shorthair,British_Shorthair_27.jpg
British Shorthair,British_Shorthair_270.jpg
British Shorthair,British_Shorthair_271.jpg
British Shorthair,British_Shorthair_272.jpg
British Shorthair,British_Shorthair_273.jpg
British Shorthair,British_Shorthair_274.jpg
British Shorthair,British_Shorthair_275.jpg
British Shorthair,British_Shorthair_276.jpg
British Shorthair,British_Shorthair_277.jpg
British Shorthair,British_Shorthair_278.jpg
British Shorthair,British_Shorthair_28.jpg
British Shorthair,British_Shorthair_29.jpg
British Shorthair,British_Shorthair_3.jpg
British Shorthair,British_Shorthair_30.jpg
British Shorthair,British_Shorthair_31.jpg
British Shorthair,British_Shorthair_32.jpg
British Shorthair,British_Shorthair_33.jpg
British Shorthair,British_Shorthair_34.jpg
British Shorthair,British_Shorthair_36.jpg
British Shorthair,British_Shorthair_37.jpg
British Shorthair,British_Shorthair_38.jpg
British Shorthair,British_Shorthair_39.jpg
British Shorthair,British_Shorthair_40.jpg
British Shorthair,British_Shorthair_41.jpg
British Shorthair,British_Shorthair_42.jpg
British Shorthair,British_Shorthair_43.jpg
British Shorthair,British_Shorthair_44.jpg
British Shorthair,British_Shorthair_45.jpg
British Shorthair,British_Shorthair_46.jpg
British Shorthair,British_Shorthair_47.jpg
British Shorthair,British_Shorthair_48.jpg
British Shorthair,British_Shorthair_49.jpg
British Shorthair,British_Shorthair_50.jpg
British Shorthair,British_Shorthair_51.jpg
British Shorthair,British_Shorthair_52.jpg
British Shorthair,British_Shorthair_53.jpg
British Shorthair,British_Shorthair_54.jpg
British Shorthair,British_Shorthair_55.jpg
British Shorthair,British_Shorthair_56.jpg
British Shorthair,British_Shorthair_57.jpg
British Shorthair,British_Shorthair_58.jpg
British Shorthair,British_Shorthair_59.jpg
British Shorthair,British_Shorthair_6.jpg
British Shorthair,British_Shorthair_60.jpg
British Shorthair,British_Shorthair_61.jpg
British Shorthair,British_Shorthair_62.jpg
British Shorthair,British_Shorthair_63.jpg
British Shorthair,British_Shorthair_64.jpg
British Shorthair,British_Shorthair_65.jpg
British Shorthair,British_Shorthair_66.jpg
British Shorthair,British_Shorthair_67.jpg
British Shorthair,British_Shorthair_68.jpg
British Shorthair,British_Shorthair_70.jpg
British Shorthair,British_Shorthair_71.jpg
British Shorthair,British_Shorthair_72.jpg
British Shorthair,British_Shorthair_74.jpg
British Shorthair,British_Shorthair_75.jpg
British Shorthair,British_Shorthair_77.jpg
British Shorthair,British_Shorthair_78.jpg
British Shorthair,British_Shorthair_79.jpg
British Shorthair,British_Shorthair_8.jpg
British Shorthair,British_Shorthair_82.jpg
British Shorthair,British_Shorthair_83.jpg
British Shorthair,British_Shorthair_84.jpg
British Shorthair,British_Shorthair_85.jpg
British Shorthair,British_Shorthair_86.jpg
British Shorthair,British_Shorthair_87.jpg
British Shorthair,British_Shorthair_88.jpg
British Shorthair,British_Shorthair_89.jpg
British Shorthair,British_Shorthair_9.jpg
British Shorthair,British_Shorthair_90.jpg
British Shorthair,British_Shorthair_91.jpg
British Shorthair,British_Shorthair_92.jpg
British Shorthair,British_Shorthair_93.jpg
British Shorthair,British_Shorthair_94.jpg
British Shorthair,British_Shorthair_95.jpg
British Shorthair,British_Shorthair_96.jpg
British Shorthair,British_Shorthair_97.jpg
British Shorthair,British_Shorthair_98.jpg
British Shorthair,British_Shorthair_99.jpg
Egyptian,Egyptian_Mau_1.jpg
Egyptian,Egyptian_Mau_10.jpg
Egyptian,Egyptian_Mau_100.jpg
Egyptian,Egyptian_Mau_101.jpg
Egyptian,Egyptian_Mau_102.jpg
Egyptian,Egyptian_Mau_103.jpg
Egyptian,Egyptian_Mau_104.jpg
Egyptian,Egyptian_Mau_105.jpg
Egyptian,Egyptian_Mau_106.jpg
Egyptian,Egyptian_Mau_107.jpg
Egyptian,Egyptian_Mau_108.jpg
Egyptian,Egyptian_Mau_109.jpg
Egyptian,Egyptian_Mau_11.jpg
Egyptian,Egyptian_Mau_110.jpg
Egyptian,Egyptian_Mau_111.jpg
Egyptian,Egyptian_Mau_112.jpg
Egyptian,Egyptian_Mau_113.jpg
Egyptian,Egyptian_Mau_114.jpg
Egyptian,Egyptian_Mau_115.jpg
Egyptian,Egyptian_Mau_116.jpg
Egyptian,Egyptian_Mau_117.jpg
Egyptian,Egyptian_Mau_118.jpg
Egyptian,Egyptian_Mau_119.jpg
Egyptian,Egyptian_Mau_12.jpg
Egyptian,Egyptian_Mau_120.jpg
Egyptian,Egyptian_Mau_121.jpg
Egyptian,Egyptian_Mau_122.jpg
Egyptian,Egyptian_Mau_123.jpg
Egyptian,Egyptian_Mau_124.jpg
Egyptian,Egyptian_Mau_125.jpg
Egyptian,Egyptian_Mau_126.jpg
Egyptian,Egyptian_Mau_127.jpg
Egyptian,Egyptian_Mau_128.jpg
Egyptian,Egyptian_Mau_129.jpg
Egyptian,Egyptian_Mau_13.jpg
Egyptian,Egyptian_Mau_130.jpg
Egyptian,Egyptian_Mau_131.jpg
Egyptian,Egyptian_Mau_132.jpg
Egyptian,Egyptian_Mau_133.jpg
Egyptian,Egyptian_Mau_134.jpg
Egyptian,Egyptian_Mau_136.jpg
Egyptian,Egyptian_Mau_138.jpg
Egyptian,Egyptian_Mau_139.jpg
Egyptian,Egyptian_Mau_14.jpg
Egyptian,Egyptian_Mau_140.jpg
Egyptian,Egyptian_Mau_141.jpg
Egyptian,Egyptian_Mau_142.jpg
Egyptian,Egyptian_Mau_143.jpg
Egyptian,Egyptian_Mau_144.jpg
Egyptian,Egyptian_Mau_145.jpg
Egyptian,Egyptian_Mau_146.jpg
Egyptian,Egyptian_Mau_147.jpg
Egyptian,Egyptian_Mau_148.jpg
Egyptian,Egyptian_Mau_149.jpg
Egyptian,Egyptian_Mau_15.jpg
Egyptian,Egyptian_Mau_150.jpg
Egyptian,Egyptian_Mau_151.jpg
Egyptian,Egyptian_Mau_152.jpg
Egyptian,Egyptian_Mau_153.jpg
Egyptian,Egyptian_Mau_154.jpg
Egyptian,Egyptian_Mau_155.jpg
Egyptian,Egyptian_Mau_156.jpg
Egyptian,Egyptian_Mau_157.jpg
Egyptian,Egyptian_Mau_16.jpg
Egyptian,Egyptian_Mau_160.jpg
Egyptian,Egyptian_Mau_161.jpg
Egyptian,Egyptian_Mau_162.jpg
Egyptian,Egyptian_Mau_163.jpg
Egyptian,Egyptian_Mau_164.jpg
Egyptian,Egyptian_Mau_165.jpg
Egyptian,Egyptian_Mau_167.jpg
Egyptian,Egyptian_Mau_168.jpg
Egyptian,Egyptian_Mau_170.jpg
Egyptian,Egyptian_Mau_171.jpg
Egyptian,Egyptian_Mau_172.jpg
Egyptian,Egyptian_Mau_173.jpg
Egyptian,Egyptian_Mau_174.jpg
Egyptian,Egyptian_Mau_175.jpg
Egyptian,Egyptian_Mau_176.jpg
Egyptian,Egyptian_Mau_177.jpg
Egyptian,Egyptian_Mau_178.jpg
Egyptian,Egyptian_Mau_179.jpg
Egyptian,Egyptian_Mau_18.jpg
Egyptian,Egyptian_Mau_180.jpg
Egyptian,Egyptian_Mau_181.jpg
Egyptian,Egyptian_Mau_182.jpg
Egyptian,Egyptian_Mau_183.jpg
Egyptian,Egyptian_Mau_184.jpg
Egyptian,Egyptian_Mau_185.jpg
Egyptian,Egyptian_Mau_186.jpg
Egyptian,Egyptian_Mau_187.jpg
Egyptian,Egyptian_Mau_188.jpg
Egyptian,Egyptian_Mau_189.jpg
Egyptian,Egyptian_Mau_19.jpg
Egyptian,Egyptian_Mau_190.jpg
Egyptian,Egyptian_Mau_191.jpg
Egyptian,Egyptian_Mau_192.jpg
Egyptian,Egyptian_Mau_193.jpg
Egyptian,Egyptian_Mau_194.jpg
Egyptian,Egyptian_Mau_195.jpg
Egyptian,Egyptian_Mau_196.jpg
Egyptian,Egyptian_Mau_197.jpg
Egyptian,Egyptian_Mau_198.jpg
Egyptian,Egyptian_Mau_199.jpg
Egyptian,Egyptian_Mau_2.jpg
Egyptian,Egyptian_Mau_20.jpg
Egyptian,Egyptian_Mau_201.jpg
Egyptian,Egyptian_Mau_202.jpg
Egyptian,Egyptian_Mau_204.jpg
Egyptian,Egyptian_Mau_207.jpg
Egyptian,Egyptian_Mau_209.jpg
Egyptian,Egyptian_Mau_21.jpg
Egyptian,Egyptian_Mau_210.jpg
Egyptian,Egyptian_Mau_212.jpg
Egyptian,Egyptian_Mau_213.jpg
Egyptian,Egyptian_Mau_214.jpg
Egyptian,Egyptian_Mau_215.jpg
Egyptian,Egyptian_Mau_218.jpg
Egyptian,Egyptian_Mau_219.jpg
Egyptian,Egyptian_Mau_22.jpg
Egyptian,Egyptian_Mau_220.jpg
Egyptian,Egyptian_Mau_221.jpg
Egyptian,Egyptian_Mau_222.jpg
Egyptian,Egyptian_Mau_223.jpg
Egyptian,Egyptian_Mau_224.jpg
Egyptian,Egyptian_Mau_23.jpg
Egyptian,Egyptian_Mau_25.jpg
Egyptian,Egyptian_Mau_26.jpg
Egyptian,Egyptian_Mau_27.jpg
Egyptian,Egyptian_Mau_28.jpg
Egyptian,Egyptian_Mau_29.jpg
Egyptian,Egyptian_Mau_3.jpg
Egyptian,Egyptian_Mau_30.jpg
Egyptian,Egyptian_Mau_31.jpg
Egyptian,Egyptian_Mau_33.jpg
Egyptian,Egyptian_Mau_34.jpg
Egyptian,Egyptian_Mau_35.jpg
Egyptian,Egyptian_Mau_36.jpg
Egyptian,Egyptian_Mau_39.jpg
Egyptian,Egyptian_Mau_4.jpg
Egyptian,Egyptian_Mau_40.jpg
Egyptian,Egyptian_Mau_41.jpg
Egyptian,Egyptian_Mau_42.jpg
Egyptian,Egyptian_Mau_43.jpg
Egyptian,Egyptian_Mau_44.jpg
Egyptian,Egyptian_Mau_45.jpg
Egyptian,Egyptian_Mau_46.jpg
Egyptian,Egyptian_Mau_47.jpg
Egyptian,Egyptian_Mau_48.jpg
Egyptian,Egyptian_Mau_49.jpg
Egyptian,Egyptian_Mau_5.jpg
Egyptian,Egyptian_Mau_50.jpg
Egyptian,Egyptian_Mau_51.jpg
Egyptian,Egyptian_Mau_52.jpg
Egyptian,Egyptian_Mau_53.jpg
Egyptian,Egyptian_Mau_54.jpg
Egyptian,Egyptian_Mau_56.jpg
Egyptian,Egyptian_Mau_57.jpg
Egyptian,Egyptian_Mau_58.jpg
Egyptian,Egyptian_Mau_59.jpg
Egyptian,Egyptian_Mau_6.jpg
Egyptian,Egyptian_Mau_60.jpg
Egyptian,Egyptian_Mau_61.jpg
Egyptian,Egyptian_Mau_62.jpg
Egyptian,Egyptian_Mau_63.jpg
Egyptian,Egyptian_Mau_67.jpg
Egyptian,Egyptian_Mau_68.jpg
Egyptian,Egyptian_Mau_69.jpg
Egyptian,Egyptian_Mau_7.jpg
Egyptian,Egyptian_Mau_70.jpg
Egyptian,Egyptian_Mau_71.jpg
Egyptian,Egyptian_Mau_73.jpg
Egyptian,Egyptian_Mau_74.jpg
Egyptian,Egyptian_Mau_75.jpg
Egyptian,Egyptian_Mau_76.jpg
Egyptian,Egyptian_Mau_77.jpg
Egyptian,Egyptian_Mau_78.jpg
Egyptian,Egyptian_Mau_79.jpg
Egyptian,Egyptian_Mau_8.jpg
Egyptian,Egyptian_Mau_80.jpg
Egyptian,Egyptian_Mau_81.jpg
Egyptian,Egyptian_Mau_82.jpg
Egyptian,Egyptian_Mau_83.jpg
Egyptian,Egyptian_Mau_84.jpg
Egyptian,Egyptian_Mau_85.jpg
Egyptian,Egyptian_Mau_86.jpg
Egyptian,Egyptian_Mau_87.jpg
Egyptian,Egyptian_Mau_88.jpg
Egyptian,Egyptian_Mau_89.jpg
Egyptian,Egyptian_Mau_9.jpg
Egyptian,Egyptian_Mau_90.jpg
Egyptian,Egyptian_Mau_91.jpg
Egyptian,Egyptian_Mau_92.jpg
Egyptian,Egyptian_Mau_93.jpg
Egyptian,Egyptian_Mau_94.jpg
Egyptian,Egyptian_Mau_95.jpg
Egyptian,Egyptian_Mau_96.jpg
Egyptian,Egyptian_Mau_97.jpg
Egyptian,Egyptian_Mau_98.jpg
Egyptian,Egyptian_Mau_99.jpg
Maine Coon,Maine_Coon_1.jpg
Maine Coon,Maine_Coon_10.jpg
Maine Coon,Maine_Coon_100.jpg
Maine Coon,Maine_Coon_101.jpg
Maine Coon,Maine_Coon_102.jpg
Maine Coon,Maine_Coon_103.jpg
Maine Coon,Maine_Coon_104.jpg
Maine Coon,Maine_Coon_105.jpg
Maine Coon,Maine_Coon_106.jpg
Maine Coon,Maine_Coon_107.jpg
Maine Coon,Maine_Coon_108.jpg
Maine Coon,Maine_Coon_109.jpg
Maine Coon,Maine_Coon_110.jpg
Maine Coon,Maine_Coon_111.jpg
Maine Coon,Maine_Coon_112.jpg
Maine Coon,Maine_Coon_115.jpg
Maine Coon,Maine_Coon_116.jpg
Maine Coon,Maine_Coon_117.jpg
Maine Coon,Maine_Coon_119.jpg
Maine Coon,Maine_Coon_121.jpg
Maine Coon,Maine_Coon_123.jpg
Maine Coon,Maine_Coon_124.jpg
Maine Coon,Maine_Coon_126.jpg
Maine Coon,Maine_Coon_127.jpg
Maine Coon,Maine_Coon_128.jpg
Maine Coon,Maine_Coon_129.jpg
Maine Coon,Maine_Coon_13.jpg
Maine Coon,Maine_Coon_131.jpg
Maine Coon,Maine_Coon_132.jpg
Maine Coon,Maine_Coon_133.jpg
Maine Coon,Maine_Coon_134.jpg
Maine Coon,Maine_Coon_135.jpg
Maine Coon,Maine_Coon_136.jpg
Maine Coon,Maine_Coon_137.jpg
Maine Coon,Maine_Coon_138.jpg
Maine Coon,Maine_Coon_139.jpg
Maine Coon,Maine_Coon_14.jpg
Maine Coon,Maine_Coon_140.jpg
Maine Coon,Maine_Coon_141.jpg
Maine Coon,Maine_Coon_142.jpg
Maine Coon,Maine_Coon_143.jpg
Maine Coon,Maine_Coon_144.jpg
Maine Coon,Maine_Coon_145.jpg
Maine Coon,Maine_Coon_146.jpg
Maine Coon,Maine_Coon_147.jpg
Maine Coon,Maine_Coon_148.jpg
Maine Coon,Maine_Coon_149.jpg
Maine Coon,Maine_Coon_150.jpg
Maine Coon,Maine_Coon_151.jpg
Maine Coon,Maine_Coon_152.jpg
Maine Coon,Maine_Coon_153.jpg
Maine Coon,Maine_Coon_154.jpg
Maine Coon,Maine_Coon_155.jpg
Maine Coon,Maine_Coon_157.jpg
Maine Coon,Maine_Coon_158.jpg
Maine Coon,Maine_Coon_159.jpg
Maine Coon,Maine_Coon_16.jpg
Maine Coon,Maine_Coon_160.jpg
Maine Coon,Maine_Coon_161.jpg
Maine Coon,Maine_Coon_162.jpg
Maine Coon,Maine_Coon_163.jpg
Maine Coon,Maine_Coon_164.jpg
Maine Coon,Maine_Coon_167.jpg
Maine Coon,Maine_Coon_168.jpg
Maine Coon,Maine_Coon_169.jpg
Maine Coon,Maine_Coon_17.jpg
Maine Coon,Maine_Coon_170.jpg
Maine Coon,Maine_Coon_171.jpg
Maine Coon,Maine_Coon_173.jpg
Maine Coon,Maine_Coon_174.jpg
Maine Coon,Maine_Coon_175.jpg
Maine Coon,Maine_Coon_176.jpg
Maine Coon,Maine_Coon_18.jpg
Maine Coon,Maine_Coon_180.jpg
Maine Coon,Maine_Coon_182.jpg
Maine Coon,Maine_Coon_184.jpg
Maine Coon,Maine_Coon_186.jpg
Maine Coon,Maine_Coon_187.jpg
Maine Coon,Maine_Coon_189.jpg
Maine Coon,Maine_Coon_19.jpg
Maine Coon,Maine_Coon_191.jpg
Maine Coon,Maine_Coon_192.jpg
Maine Coon,Maine_Coon_193.jpg
Maine Coon,Maine_Coon_194.jpg
Maine Coon,Maine_Coon_195.jpg
Maine Coon,Maine_Coon_196.jpg
Maine Coon,Maine_Coon_197.jpg
Maine Coon,Maine_Coon_2.jpg
Maine Coon,Maine_Coon_201.jpg
Maine Coon,Maine_Coon_203.jpg
Maine Coon,Maine_Coon_204.jpg
Maine Coon,Maine_Coon_205.jpg
Maine Coon,Maine_Coon_206.jpg
Maine Coon,Maine_Coon_207.jpg
Maine Coon,Maine_Coon_208.jpg
Maine Coon,Maine_Coon_21.jpg
Maine Coon,Maine_Coon_210.jpg
Maine Coon,Maine_Coon_211.jpg
Maine Coon,Maine_Coon_213.jpg
Maine Coon,Maine_Coon_214.jpg
Maine Coon,Maine_Coon_217.jpg
Maine Coon,Maine_Coon_219.jpg
Maine Coon,Maine_Coon_222.jpg
Maine Coon,Maine_Coon_227.jpg
Maine Coon,Maine_Coon_23.jpg
Maine Coon,Maine_Coon_231.jpg
Maine Coon,Maine_Coon_238.jpg
Maine Coon,Maine_Coon_239.jpg
Maine Coon,Maine_Coon_24.jpg
Maine Coon,Maine_Coon_241.jpg
Maine Coon,Maine_Coon_242.jpg
Maine Coon,Maine_Coon_244.jpg
Maine Coon,Maine_Coon_245.jpg
Maine Coon,Maine_Coon_246.jpg
Maine Coon,Maine_Coon_247.jpg
Maine Coon,Maine_Coon_249.jpg
Maine Coon,Maine_Coon_25.jpg
Maine Coon,Maine_Coon_253.jpg
Maine Coon,Maine_Coon_254.jpg
Maine Coon,Maine_Coon_26.jpg
Maine Coon,Maine_Coon_262.jpg
Maine Coon,Maine_Coon_263.jpg
Maine Coon,Maine_Coon_264.jpg
Maine Coon,Maine_Coon_265.jpg
Maine Coon,Maine_Coon_266.jpg
Maine Coon,Maine_Coon_267.jpg
Maine Coon,Maine_Coon_268.jpg
Maine Coon,Maine_Coon_269.jpg
Maine Coon,Maine_Coon_27.jpg
Maine Coon,Maine_Coon_270.jpg
Maine Coon,Maine_Coon_271.jpg
Maine Coon,Maine_Coon_272.jpg
Maine Coon,Maine_Coon_28.jpg
Maine Coon,Maine_Coon_29.jpg
Maine Coon,Maine_Coon_3.jpg
Maine Coon,Maine_Coon_30.jpg
Maine Coon,Maine_Coon_31.jpg
Maine Coon,Maine_Coon_32.jpg
Maine Coon,Maine_Coon_33.jpg
Maine Coon,Maine_Coon_34.jpg
Maine Coon,Maine_Coon_35.jpg
Maine Coon,Maine_Coon_36.jpg
Maine Coon,Maine_Coon_37.jpg
Maine Coon,Maine_Coon_38.jpg
Maine Coon,Maine_Coon_39.jpg
Maine Coon,Maine_Coon_41.jpg
Maine Coon,Maine_Coon_42.jpg
Maine Coon,Maine_Coon_43.jpg
Maine Coon,Maine_Coon_44.jpg
Maine Coon,Maine_Coon_46.jpg
Maine Coon,Maine_Coon_47.jpg
Maine Coon,Maine_Coon_48.jpg
Maine Coon,Maine_Coon_49.jpg
Maine Coon,Maine_Coon_5.jpg
Maine Coon,Maine_Coon_50.jpg
Maine Coon,Maine_Coon_51.jpg
Maine Coon,Maine_Coon_52.jpg
Maine Coon,Maine_Coon_53.jpg
Maine Coon,Maine_Coon_54.jpg
Maine Coon,Maine_Coon_55.jpg
Maine Coon,Maine_Coon_56.jpg
Maine Coon,Maine_Coon_57.jpg
Maine Coon,Maine_Coon_58.jpg
Maine Coon,Maine_Coon_6.jpg
Maine Coon,Maine_Coon_60.jpg
Maine Coon,Maine_Coon_61.jpg
Maine Coon,Maine_Coon_63.jpg
Maine Coon,Maine_Coon_64.jpg
Maine Coon,Maine_Coon_66.jpg
Maine Coon,Maine_Coon_67.jpg
Maine Coon,Maine_Coon_68.jpg
Maine Coon,Maine_Coon_69.jpg
Maine Coon,Maine_Coon_7.jpg
Maine Coon,Maine_Coon_70.jpg
Maine Coon,Maine_Coon_71.jpg
Maine Coon,Maine_Coon_72.jpg
Maine Coon,Maine_Coon_75.jpg
Maine Coon,Maine_Coon_76.jpg
Maine Coon,Maine_Coon_77.jpg
Maine Coon,Maine_Coon_78.jpg
Maine Coon,Maine_Coon_79.jpg
Maine Coon,Maine_Coon_8.jpg
Maine Coon,Maine_Coon_80.jpg
Maine Coon,Maine_Coon_81.jpg
Maine Coon,Maine_Coon_82.jpg
Maine Coon,Maine_Coon_83.jpg
Maine Coon,Maine_Coon_84.jpg
Maine Coon,Maine_Coon_85.jpg
Maine Coon,Maine_Coon_87.jpg
Maine Coon,Maine_Coon_89.jpg
Maine Coon,Maine_Coon_9.jpg
Maine Coon,Maine_Coon_91.jpg
Maine Coon,Maine_Coon_92.jpg
Maine Coon,Maine_Coon_93.jpg
Maine Coon,Maine_Coon_94.jpg
Maine Coon,Maine_Coon_95.jpg
Maine Coon,Maine_Coon_96.jpg
Maine Coon,Maine_Coon_97.jpg
Maine Coon,Maine_Coon_98.jpg
Maine Coon,Maine_Coon_99.jpg
Persian,Persian_1.jpg
Persian,Persian_10.jpg
Persian,Persian_100.jpg
Persian,Persian_101.jpg
Persian,Persian_102.jpg
Persian,Persian_103.jpg
Persian,Persian_104.jpg
Persian,Persian_105.jpg
Persian,Persian_106.jpg
Persian,Persian_107.jpg
Persian,Persian_108.jpg
Persian,Persian_11.jpg
Persian,Persian_111.jpg
Persian,Persian_112.jpg
Persian,Persian_114.jpg
Persian,Persian_115.jpg
Persian,Persian_116.jpg
Persian,Persian_117.jpg
Persian,Persian_118.jpg
Persian,Persian_12.jpg
Persian,Persian_120.jpg
Persian,Persian_121.jpg
Persian,Persian_122.jpg
Persian,Persian_123.jpg
Persian,Persian_125.jpg
Persian,Persian_126.jpg
Persian,Persian_128.jpg
Persian,Persian_129.jpg
Persian,Persian_13.jpg
Persian,Persian_131.jpg
Persian,Persian_132.jpg
Persian,Persian_133.jpg
Persian,Persian_134.jpg
Persian,Persian_135.jpg
Persian,Persian_136.jpg
Persian,Persian_137.jpg
Persian,Persian_138.jpg
Persian,Persian_139.jpg
Persian,Persian_14.jpg
Persian,Persian_140.jpg
Persian,Persian_141.jpg
Persian,Persian_143.jpg
Persian,Persian_144.jpg
Persian,Persian_145.jpg
Persian,Persian_147.jpg
Persian,Persian_149.jpg
Persian,Persian_15.jpg
Persian,Persian_150.jpg
Persian,Persian_152.jpg
Persian,Persian_153.jpg
Persian,Persian_155.jpg
Persian,Persian_156.jpg
Persian,Persian_158.jpg
Persian,Persian_159.jpg
Persian,Persian_16.jpg
Persian,Persian_160.jpg
Persian,Persian_161.jpg
Persian,Persian_162.jpg
Persian,Persian_163.jpg
Persian,Persian_164.jpg
Persian,Persian_165.jpg
Persian,Persian_166.jpg
Persian,Persian_168.jpg
Persian,Persian_169.jpg
Persian,Persian_17.jpg
Persian,Persian_170.jpg
Persian,Persian_171.jpg
Persian,Persian_172.jpg
Persian,Persian_173.jpg
Persian,Persian_174.jpg
Persian,Persian_175.jpg
Persian,Persian_176.jpg
Persian,Persian_179.jpg
Persian,Persian_18.jpg
Persian,Persian_180.jpg
Persian,Persian_181.jpg
Persian,Persian_182.jpg
Persian,Persian_183.jpg
Persian,Persian_184.jpg
Persian,Persian_185.jpg
Persian,Persian_186.jpg
Persian,Persian_187.jpg
Persian,Persian_188.jpg
Persian,Persian_189.jpg
Persian,Persian_19.jpg
Persian,Persian_190.jpg
Persian,Persian_191.jpg
Persian,Persian_192.jpg
Persian,Persian_193.jpg
Persian,Persian_194.jpg
Persian,Persian_195.jpg
Persian,Persian_196.jpg
Persian,Persian_197.jpg
Persian,Persian_2.jpg
Persian,Persian_20.jpg
Persian,Persian_200.jpg
Persian,Persian_201.jpg
Persian,Persian_202.jpg
Persian,Persian_206.jpg
Persian,Persian_21.jpg
Persian,Persian_213.jpg
Persian,Persian_217.jpg
Persian,Persian_22.jpg
Persian,Persian_221.jpg
Persian,Persian_224.jpg
Persian,Persian_228.jpg
Persian,Persian_233.jpg
Persian,Persian_239.jpg
Persian,Persian_25.jpg
Persian,Persian_255.jpg
Persian,Persian_256.jpg
Persian,Persian_257.jpg
Persian,Persian_258.jpg
Persian,Persian_259.jpg
Persian,Persian_26.jpg
Persian,Persian_260.jpg
Persian,Persian_261.jpg
Persian,Persian_262.jpg
Persian,Persian_263.jpg
Persian,Persian_264.jpg
Persian,Persian_265.jpg
Persian,Persian_266.jpg
Persian,Persian_267.jpg
Persian,Persian_268.jpg
Persian,Persian_269.jpg
Persian,Persian_27.jpg
Persian,Persian_270.jpg
Persian,Persian_271.jpg
Persian,Persian_272.jpg
Persian,Persian_273.jpg
Persian,Persian_28.jpg
Persian,Persian_29.jpg
Persian,Persian_3.jpg
Persian,Persian_30.jpg
Persian,Persian_31.jpg
Persian,Persian_32.jpg
Persian,Persian_34.jpg
Persian,Persian_36.jpg
Persian,Persian_37.jpg
Persian,Persian_38.jpg
Persian,Persian_39.jpg
Persian,Persian_4.jpg
Persian,Persian_40.jpg
Persian,Persian_41.jpg
Persian,Persian_42.jpg
Persian,Persian_43.jpg
Persian,Persian_44.jpg
Persian,Persian_45.jpg
Persian,Persian_46.jpg
Persian,Persian_47.jpg
Persian,Persian_49.jpg
Persian,Persian_5.jpg
Persian,Persian_51.jpg
Persian,Persian_52.jpg
Persian,Persian_53.jpg
Persian,Persian_54.jpg
Persian,Persian_55.jpg
Persian,Persian_56.jpg
Persian,Persian_58.jpg
Persian,Persian_59.jpg
Persian,Persian_6.jpg
Persian,Persian_60.jpg
Persian,Persian_61.jpg
Persian,Persian_62.jpg
Persian,Persian_63.jpg
Persian,Persian_64.jpg
Persian,Persian_65.jpg
Persian,Persian_66.jpg
Persian,Persian_67.jpg
Persian,Persian_68.jpg
Persian,Persian_69.jpg
Persian,Persian_7.jpg
Persian,Persian_70.jpg
Persian,Persian_71.jpg
Persian,Persian_72.jpg
Persian,Persian_74.jpg
Persian,Persian_75.jpg
Persian,Persian_76.jpg
Persian,Persian_77.jpg
Persian,Persian_78.jpg
Persian,Persian_79.jpg
Persian,Persian_8.jpg
Persian,Persian_80.jpg
Persian,Persian_81.jpg
Persian,Persian_82.jpg
Persian,Persian_83.jpg
Persian,Persian_84.jpg
Persian,Persian_85.jpg
Persian,Persian_86.jpg
Persian,Persian_87.jpg
Persian,Persian_88.jpg
Persian,Persian_89.jpg
Persian,Persian_9.jpg
Persian,Persian_90.jpg
Persian,Persian_91.jpg
Persian,Persian_94.jpg
Persian,Persian_95.jpg
Persian,Persian_97.jpg
Persian,Persian_98.jpg
Persian,Persian_99.jpg
Ragdoll,Ragdoll_1.jpg
Ragdoll,Ragdoll_10.jpg
Ragdoll,Ragdoll_100.jpg
Ragdoll,Ragdoll_101.jpg
Ragdoll,Ragdoll_103.jpg
Ragdoll,Ragdoll_104.jpg
Ragdoll,Ragdoll_105.jpg
Ragdoll,Ragdoll_106.jpg
Ragdoll,Ragdoll_107.jpg
Ragdoll,Ragdoll_110.jpg
Ragdoll,Ragdoll_111.jpg
Ragdoll,Ragdoll_112.jpg
Ragdoll,Ragdoll_113.jpg
Ragdoll,Ragdoll_114.jpg
Ragdoll,Ragdoll_115.jpg
Ragdoll,Ragdoll_116.jpg
Ragdoll,Ragdoll_117.jpg
Ragdoll,Ragdoll_118.jpg
Ragdoll,Ragdoll_119.jpg
Ragdoll,Ragdoll_12.jpg
Ragdoll,Ragdoll_121.jpg
Ragdoll,Ragdoll_122.jpg
Ragdoll,Ragdoll_124.jpg
Ragdoll,Ragdoll_125.jpg
Ragdoll,Ragdoll_126.jpg
Ragdoll,Ragdoll_127.jpg
Ragdoll,Ragdoll_128.jpg
Ragdoll,Ragdoll_129.jpg
Ragdoll,Ragdoll_13.jpg
Ragdoll,Ragdoll_130.jpg
Ragdoll,Ragdoll_131.jpg
Ragdoll,Ragdoll_132.jpg
Ragdoll,Ragdoll_133.jpg
Ragdoll,Ragdoll_134.jpg
Ragdoll,Ragdoll_135.jpg
Ragdoll,Ragdoll_136.jpg
Ragdoll,Ragdoll_137.jpg
Ragdoll,Ragdoll_138.jpg
Ragdoll,Ragdoll_139.jpg
Ragdoll,Ragdoll_140.jpg
Ragdoll,Ragdoll_141.jpg
Ragdoll,Ragdoll_142.jpg
Ragdoll,Ragdoll_143.jpg
Ragdoll,Ragdoll_145.jpg
Ragdoll,Ragdoll_146.jpg
Ragdoll,Ragdoll_147.jpg
Ragdoll,Ragdoll_148.jpg
Ragdoll,Ragdoll_149.jpg
Ragdoll,Ragdoll_150.jpg
Ragdoll,Ragdoll_151.jpg
Ragdoll,Ragdoll_152.jpg
Ragdoll,Ragdoll_153.jpg
Ragdoll,Ragdoll_154.jpg
Ragdoll,Ragdoll_155.jpg
Ragdoll,Ragdoll_156.jpg
Ragdoll,Ragdoll_158.jpg
Ragdoll,Ragdoll_159.jpg
Ragdoll,Ragdoll_16.jpg
Ragdoll,Ragdoll_160.jpg
Ragdoll,Ragdoll_161.jpg
Ragdoll,Ragdoll_162.jpg
Ragdoll,Ragdoll_163.jpg
Ragdoll,Ragdoll_164.jpg
Ragdoll,Ragdoll_165.jpg
Ragdoll,Ragdoll_166.jpg
Ragdoll,Ragdoll_168.jpg
Ragdoll,Ragdoll_169.jpg
Ragdoll,Ragdoll_170.jpg
Ragdoll,Ragdoll_171.jpg
Ragdoll,Ragdoll_172.jpg
Ragdoll,Ragdoll_173.jpg
Ragdoll,Ragdoll_174.jpg
Ragdoll,Ragdoll_175.jpg
Ragdoll,Ragdoll_176.jpg
Ragdoll,Ragdoll_177.jpg
Ragdoll,Ragdoll_178.jpg
Ragdoll,Ragdoll_179.jpg
Ragdoll,Ragdoll_18.jpg
Ragdoll,Ragdoll_180.jpg
Ragdoll,Ragdoll_181.jpg
Ragdoll,Ragdoll_182.jpg
Ragdoll,Ragdoll_183.jpg
Ragdoll,Ragdoll_184.jpg
Ragdoll,Ragdoll_185.jpg
Ragdoll,Ragdoll_186.jpg
Ragdoll,Ragdoll_187.jpg
Ragdoll,Ragdoll_188.jpg
Ragdoll,Ragdoll_189.jpg
Ragdoll,Ragdoll_190.jpg
Ragdoll,Ragdoll_191.jpg
Ragdoll,Ragdoll_192.jpg
Ragdoll,Ragdoll_193.jpg
Ragdoll,Ragdoll_194.jpg
Ragdoll,Ragdoll_195.jpg
Ragdoll,Ragdoll_196.jpg
Ragdoll,Ragdoll_197.jpg
Ragdoll,Ragdoll_198.jpg
Ragdoll,Ragdoll_199.jpg
Ragdoll,Ragdoll_2.jpg
Ragdoll,Ragdoll_20.jpg
Ragdoll,Ragdoll_201.jpg
Ragdoll,Ragdoll_202.jpg
Ragdoll,Ragdoll_203.jpg
Ragdoll,Ragdoll_204.jpg
Ragdoll,Ragdoll_205.jpg
Ragdoll,Ragdoll_208.jpg
Ragdoll,Ragdoll_210.jpg
Ragdoll,Ragdoll_219.jpg
Ragdoll,Ragdoll_224.jpg
Ragdoll,Ragdoll_227.jpg
Ragdoll,Ragdoll_228.jpg
Ragdoll,Ragdoll_234.jpg
Ragdoll,Ragdoll_235.jpg
Ragdoll,Ragdoll_24.jpg
Ragdoll,Ragdoll_245.jpg
Ragdoll,Ragdoll_25.jpg
Ragdoll,Ragdoll_250.jpg
Ragdoll,Ragdoll_252.jpg
Ragdoll,Ragdoll_254.jpg
Ragdoll,Ragdoll_255.jpg
Ragdoll,Ragdoll_257.jpg
Ragdoll,Ragdoll_258.jpg
Ragdoll,Ragdoll_259.jpg
Ragdoll,Ragdoll_26.jpg
Ragdoll,Ragdoll_260.jpg
Ragdoll,Ragdoll_261.jpg
Ragdoll,Ragdoll_262.jpg
Ragdoll,Ragdoll_263.jpg
Ragdoll,Ragdoll_264.jpg
Ragdoll,Ragdoll_265.jpg
Ragdoll,Ragdoll_27.jpg
Ragdoll,Ragdoll_29.jpg
Ragdoll,Ragdoll_3.jpg
Ragdoll,Ragdoll_30.jpg
Ragdoll,Ragdoll_31.jpg
Ragdoll,Ragdoll_32.jpg
Ragdoll,Ragdoll_33.jpg
Ragdoll,Ragdoll_34.jpg
Ragdoll,Ragdoll_35.jpg
Ragdoll,Ragdoll_36.jpg
Ragdoll,Ragdoll_37.jpg
Ragdoll,Ragdoll_4.jpg
Ragdoll,Ragdoll_40.jpg
Ragdoll,Ragdoll_41.jpg
Ragdoll,Ragdoll_42.jpg
Ragdoll,Ragdoll_43.jpg
Ragdoll,Ragdoll_44.jpg
Ragdoll,Ragdoll_45.jpg
Ragdoll,Ragdoll_47.jpg
Ragdoll,Ragdoll_48.jpg
Ragdoll,Ragdoll_49.jpg
Ragdoll,Ragdoll_5.jpg
Ragdoll,Ragdoll_51.jpg
Ragdoll,Ragdoll_52.jpg
Ragdoll,Ragdoll_53.jpg
Ragdoll,Ragdoll_54.jpg
Ragdoll,Ragdoll_56.jpg
Ragdoll,Ragdoll_57.jpg
Ragdoll,Ragdoll_58.jpg
Ragdoll,Ragdoll_59.jpg
Ragdoll,Ragdoll_6.jpg
Ragdoll,Ragdoll_60.jpg
Ragdoll,Ragdoll_62.jpg
Ragdoll,Ragdoll_63.jpg
Ragdoll,Ragdoll_64.jpg
Ragdoll,Ragdoll_67.jpg
Ragdoll,Ragdoll_68.jpg
Ragdoll,Ragdoll_69.jpg
Ragdoll,Ragdoll_7.jpg
Ragdoll,Ragdoll_71.jpg
Ragdoll,Ragdoll_72.jpg
Ragdoll,Ragdoll_73.jpg
Ragdoll,Ragdoll_74.jpg
Ragdoll,Ragdoll_75.jpg
Ragdoll,Ragdoll_76.jpg
Ragdoll,Ragdoll_77.jpg
Ragdoll,Ragdoll_78.jpg
Ragdoll,Ragdoll_79.jpg
Ragdoll,Ragdoll_8.jpg
Ragdoll,Ragdoll_80.jpg
Ragdoll,Ragdoll_81.jpg
Ragdoll,Ragdoll_82.jpg
Ragdoll,Ragdoll_83.jpg
Ragdoll,Ragdoll_84.jpg
Ragdoll,Ragdoll_85.jpg
Ragdoll,Ragdoll_86.jpg
Ragdoll,Ragdoll_87.jpg
Ragdoll,Ragdoll_88.jpg
Ragdoll,Ragdoll_89.jpg
Ragdoll,Ragdoll_9.jpg
Ragdoll,Ragdoll_90.jpg
Ragdoll,Ragdoll_91.jpg
Ragdoll,Ragdoll_92.jpg
Ragdoll,Ragdoll_93.jpg
Ragdoll,Ragdoll_94.jpg
Ragdoll,Ragdoll_95.jpg
Ragdoll,Ragdoll_96.jpg
Ragdoll,Ragdoll_97.jpg
Ragdoll,Ragdoll_98.jpg
Ragdoll,Ragdoll_99.jpg
Russian Blue,Russian_Blue_1.jpg
Russian Blue,Russian_Blue_10.jpg
Russian Blue,Russian_Blue_100.jpg
Russian Blue,Russian_Blue_101.jpg
Russian Blue,Russian_Blue_102.jpg
Russian Blue,Russian_Blue_103.jpg
Russian Blue,Russian_Blue_104.jpg
Russian Blue,Russian_Blue_106.jpg
Russian Blue,Russian_Blue_107.jpg
Russian Blue,Russian_Blue_108.jpg
Russian Blue,Russian_Blue_109.jpg
Russian Blue,Russian_Blue_110.jpg
Russian Blue,Russian_Blue_111.jpg
Russian Blue,Russian_Blue_112.jpg
Russian Blue,Russian_Blue_113.jpg
Russian Blue,Russian_Blue_114.jpg
Russian Blue,Russian_Blue_115.jpg
Russian Blue,Russian_Blue_116.jpg
Russian Blue,Russian_Blue_117.jpg
Russian Blue,Russian_Blue_118.jpg
Russian Blue,Russian_Blue_119.jpg
Russian Blue,Russian_Blue_12.jpg
Russian Blue,Russian_Blue_120.jpg
Russian Blue,Russian_Blue_122.jpg
Russian Blue,Russian_Blue_123.jpg
Russian Blue,Russian_Blue_124.jpg
Russian Blue,Russian_Blue_125.jpg
Russian Blue,Russian_Blue_127.jpg
Russian Blue,Russian_Blue_128.jpg
Russian Blue,Russian_Blue_129.jpg
Russian Blue,Russian_Blue_13.jpg
Russian Blue,Russian_Blue_130.jpg
Russian Blue,Russian_Blue_131.jpg
Russian Blue,Russian_Blue_132.jpg
Russian Blue,Russian_Blue_133.jpg
Russian Blue,Russian_Blue_135.jpg
Russian Blue,Russian_Blue_136.jpg
Russian Blue,Russian_Blue_137.jpg
Russian Blue,Russian_Blue_139.jpg
Russian Blue,Russian_Blue_14.jpg
Russian Blue,Russian_Blue_140.jpg
Russian Blue,Russian_Blue_142.jpg
Russian Blue,Russian_Blue_143.jpg
Russian Blue,Russian_Blue_144.jpg
Russian Blue,Russian_Blue_145.jpg
Russian Blue,Russian_Blue_146.jpg
Russian Blue,Russian_Blue_147.jpg
Russian Blue,Russian_Blue_148.jpg
Russian Blue,Russian_Blue_149.jpg
Russian Blue,Russian_Blue_150.jpg
Russian Blue,Russian_Blue_151.jpg
Russian Blue,Russian_Blue_152.jpg
Russian Blue,Russian_Blue_153.jpg
Russian Blue,Russian_Blue_154.jpg
Russian Blue,Russian_Blue_155.jpg
Russian Blue,Russian_Blue_156.jpg
Russian Blue,Russian_Blue_157.jpg
Russian Blue,Russian_Blue_158.jpg
Russian Blue,Russian_Blue_159.jpg
Russian Blue,Russian_Blue_16.jpg
Russian Blue,Russian_Blue_160.jpg
Russian Blue,Russian_Blue_161.jpg
Russian Blue,Russian_Blue_162.jpg
Russian Blue,Russian_Blue_164.jpg
Russian Blue,Russian_Blue_165.jpg
Russian Blue,Russian_Blue_166.jpg
Russian Blue,Russian_Blue_168.jpg
Russian Blue,Russian_Blue_169.jpg
Russian Blue,Russian_Blue_17.jpg
Russian Blue,Russian_Blue_170.jpg
Russian Blue,Russian_Blue_171.jpg
Russian Blue,Russian_Blue_172.jpg
Russian Blue,Russian_Blue_173.jpg
Russian Blue,Russian_Blue_174.jpg
Russian Blue,Russian_Blue_175.jpg
Russian Blue,Russian_Blue_176.jpg
Russian Blue,Russian_Blue_177.jpg
Russian Blue,Russian_Blue_178.jpg
Russian Blue,Russian_Blue_179.jpg
Russian Blue,Russian_Blue_18.jpg
Russian Blue,Russian_Blue_180.jpg
Russian Blue,Russian_Blue_181.jpg
Russian Blue,Russian_Blue_182.jpg
Russian Blue,Russian_Blue_183.jpg
Russian Blue,Russian_Blue_184.jpg
Russian Blue,Russian_Blue_185.jpg
Russian Blue,Russian_Blue_186.jpg
Russian Blue,Russian_Blue_187.jpg
Russian Blue,Russian_Blue_188.jpg
Russian Blue,Russian_Blue_19.jpg
Russian Blue,Russian_Blue_191.jpg
Russian Blue,Russian_Blue_192.jpg
Russian Blue,Russian_Blue_193.jpg
Russian Blue,Russian_Blue_194.jpg
Russian Blue,Russian_Blue_195.jpg
Russian Blue,Russian_Blue_196.jpg
Russian Blue,Russian_Blue_197.jpg
Russian Blue,Russian_Blue_198.jpg
Russian Blue,Russian_Blue_199.jpg
Russian Blue,Russian_Blue_20.jpg
Russian Blue,Russian_Blue_200.jpg
Russian Blue,Russian_Blue_201.jpg
Russian Blue,Russian_Blue_202.jpg
Russian Blue,Russian_Blue_203.jpg
Russian Blue,Russian_Blue_204.jpg
Russian Blue,Russian_Blue_205.jpg
Russian Blue,Russian_Blue_206.jpg
Russian Blue,Russian_Blue_207.jpg
Russian Blue,Russian_Blue_208.jpg
Russian Blue,Russian_Blue_209.jpg
Russian Blue,Russian_Blue_21.jpg
Russian Blue,Russian_Blue_211.jpg
Russian Blue,Russian_Blue_212.jpg
Russian Blue,Russian_Blue_215.jpg
Russian Blue,Russian_Blue_216.jpg
Russian Blue,Russian_Blue_220.jpg
Russian Blue,Russian_Blue_221.jpg
Russian Blue,Russian_Blue_222.jpg
Russian Blue,Russian_Blue_226.jpg
Russian Blue,Russian_Blue_228.jpg
Russian Blue,Russian_Blue_232.jpg
Russian Blue,Russian_Blue_236.jpg
Russian Blue,Russian_Blue_237.jpg
Russian Blue,Russian_Blue_239.jpg
Russian Blue,Russian_Blue_24.jpg
Russian Blue,Russian_Blue_240.jpg
Russian Blue,Russian_Blue_242.jpg
Russian Blue,Russian_Blue_244.jpg
Russian Blue,Russian_Blue_253.jpg
Russian Blue,Russian_Blue_258.jpg
Russian Blue,Russian_Blue_262.jpg
Russian Blue,Russian_Blue_263.jpg
Russian Blue,Russian_Blue_264.jpg
Russian Blue,Russian_Blue_27.jpg
Russian Blue,Russian_Blue_28.jpg
Russian Blue,Russian_Blue_29.jpg
Russian Blue,Russian_Blue_30.jpg
Russian Blue,Russian_Blue_31.jpg
Russian Blue,Russian_Blue_32.jpg
Russian Blue,Russian_Blue_33.jpg
Russian Blue,Russian_Blue_34.jpg
Russian Blue,Russian_Blue_35.jpg
Russian Blue,Russian_Blue_36.jpg
Russian Blue,Russian_Blue_38.jpg
Russian Blue,Russian_Blue_40.jpg
Russian Blue,Russian_Blue_41.jpg
Russian Blue,Russian_Blue_43.jpg
Russian Blue,Russian_Blue_44.jpg
Russian Blue,Russian_Blue_45.jpg
Russian Blue,Russian_Blue_47.jpg
Russian Blue,Russian_Blue_48.jpg
Russian Blue,Russian_Blue_49.jpg
Russian Blue,Russian_Blue_50.jpg
Russian Blue,Russian_Blue_51.jpg
Russian Blue,Russian_Blue_53.jpg
Russian Blue,Russian_Blue_54.jpg
Russian Blue,Russian_Blue_55.jpg
Russian Blue,Russian_Blue_57.jpg
Russian Blue,Russian_Blue_59.jpg
Russian Blue,Russian_Blue_60.jpg
Russian Blue,Russian_Blue_61.jpg
Russian Blue,Russian_Blue_62.jpg
Russian Blue,Russian_Blue_63.jpg
Russian Blue,Russian_Blue_64.jpg
Russian Blue,Russian_Blue_66.jpg
Russian Blue,Russian_Blue_67.jpg
Russian Blue,Russian_Blue_68.jpg
Russian Blue,Russian_Blue_69.jpg
Russian Blue,Russian_Blue_70.jpg
Russian Blue,Russian_Blue_71.jpg
Russian Blue,Russian_Blue_72.jpg
Russian Blue,Russian_Blue_73.jpg
Russian Blue,Russian_Blue_74.jpg
Russian Blue,Russian_Blue_75.jpg
Russian Blue,Russian_Blue_76.jpg
Russian Blue,Russian_Blue_77.jpg
Russian Blue,Russian_Blue_78.jpg
Russian Blue,Russian_Blue_79.jpg
Russian Blue,Russian_Blue_8.jpg
Russian Blue,Russian_Blue_80.jpg
Russian Blue,Russian_Blue_81.jpg
Russian Blue,Russian_Blue_82.jpg
Russian Blue,Russian_Blue_83.jpg
Russian Blue,Russian_Blue_84.jpg
Russian Blue,Russian_Blue_85.jpg
Russian Blue,Russian_Blue_86.jpg
Russian Blue,Russian_Blue_87.jpg
Russian Blue,Russian_Blue_88.jpg
Russian Blue,Russian_Blue_89.jpg
Russian Blue,Russian_Blue_9.jpg
Russian Blue,Russian_Blue_90.jpg
Russian Blue,Russian_Blue_91.jpg
Russian Blue,Russian_Blue_92.jpg
Russian Blue,Russian_Blue_93.jpg
Russian Blue,Russian_Blue_94.jpg
Russian Blue,Russian_Blue_95.jpg
Russian Blue,Russian_Blue_96.jpg
Russian Blue,Russian_Blue_97.jpg
Russian Blue,Russian_Blue_98.jpg
Russian Blue,Russian_Blue_99.jpg
Siamese,Siamese_100.jpg
Siamese,Siamese_101.jpg
Siamese,Siamese_102.jpg
Siamese,Siamese_103.jpg
Siamese,Siamese_104.jpg
Siamese,Siamese_106.jpg
Siamese,Siamese_108.jpg
Siamese,Siamese_109.jpg
Siamese,Siamese_110.jpg
Siamese,Siamese_111.jpg
Siamese,Siamese_112.jpg
Siamese,Siamese_113.jpg
Siamese,Siamese_114.jpg
Siamese,Siamese_115.jpg
Siamese,Siamese_116.jpg
Siamese,Siamese_117.jpg
Siamese,Siamese_119.jpg
Siamese,Siamese_120.jpg
Siamese,Siamese_122.jpg
Siamese,Siamese_125.jpg
Siamese,Siamese_126.jpg
Siamese,Siamese_127.jpg
Siamese,Siamese_128.jpg
Siamese,Siamese_129.jpg
Siamese,Siamese_130.jpg
Siamese,Siamese_131.jpg
Siamese,Siamese_133.jpg
Siamese,Siamese_135.jpg
Siamese,Siamese_136.jpg
Siamese,Siamese_137.jpg
Siamese,Siamese_138.jpg
Siamese,Siamese_139.jpg
Siamese,Siamese_14.jpg
Siamese,Siamese_140.jpg
Siamese,Siamese_141.jpg
Siamese,Siamese_142.jpg
Siamese,Siamese_143.jpg
Siamese,Siamese_144.jpg
Siamese,Siamese_145.jpg
Siamese,Siamese_146.jpg
Siamese,Siamese_147.jpg
Siamese,Siamese_148.jpg
Siamese,Siamese_149.jpg
Siamese,Siamese_150.jpg
Siamese,Siamese_151.jpg
Siamese,Siamese_152.jpg
Siamese,Siamese_153.jpg
Siamese,Siamese_154.jpg
Siamese,Siamese_155.jpg
Siamese,Siamese_156.jpg
Siamese,Siamese_157.jpg
Siamese,Siamese_158.jpg
Siamese,Siamese_159.jpg
Siamese,Siamese_160.jpg
Siamese,Siamese_161.jpg
Siamese,Siamese_162.jpg
Siamese,Siamese_163.jpg
Siamese,Siamese_164.jpg
Siamese,Siamese_165.jpg
Siamese,Siamese_167.jpg
Siamese,Siamese_168.jpg
Siamese,Siamese_169.jpg
Siamese,Siamese_17.jpg
Siamese,Siamese_170.jpg
Siamese,Siamese_171.jpg
Siamese,Siamese_172.jpg
Siamese,Siamese_173.jpg
Siamese,Siamese_174.jpg
Siamese,Siamese_175.jpg
Siamese,Siamese_176.jpg
Siamese,Siamese_178.jpg
Siamese,Siamese_179.jpg
Siamese,Siamese_18.jpg
Siamese,Siamese_180.jpg
Siamese,Siamese_181.jpg
Siamese,Siamese_182.jpg
Siamese,Siamese_183.jpg
Siamese,Siamese_184.jpg
Siamese,Siamese_185.jpg
Siamese,Siamese_186.jpg
Siamese,Siamese_187.jpg
Siamese,Siamese_188.jpg
Siamese,Siamese_189.jpg
Siamese,Siamese_19.jpg
Siamese,Siamese_191.jpg
Siamese,Siamese_193.jpg
Siamese,Siamese_194.jpg
Siamese,Siamese_195.jpg
Siamese,Siamese_196.jpg
Siamese,Siamese_198.jpg
Siamese,Siamese_199.jpg
Siamese,Siamese_20.jpg
Siamese,Siamese_200.jpg
Siamese,Siamese_201.jpg
Siamese,Siamese_202.jpg
Siamese,Siamese_203.jpg
Siamese,Siamese_204.jpg
Siamese,Siamese_205.jpg
Siamese,Siamese_206.jpg
Siamese,Siamese_207.jpg
Siamese,Siamese_208.jpg
Siamese,Siamese_209.jpg
Siamese,Siamese_21.jpg
Siamese,Siamese_210.jpg
Siamese,Siamese_216.jpg
Siamese,Siamese_218.jpg
Siamese,Siamese_22.jpg
Siamese,Siamese_222.jpg
Siamese,Siamese_224.jpg
Siamese,Siamese_225.jpg
Siamese,Siamese_227.jpg
Siamese,Siamese_228.jpg
Siamese,Siamese_23.jpg
Siamese,Siamese_231.jpg
Siamese,Siamese_232.jpg
Siamese,Siamese_233.jpg
Siamese,Siamese_234.jpg
Siamese,Siamese_237.jpg
Siamese,Siamese_238.jpg
Siamese,Siamese_24.jpg
Siamese,Siamese_240.jpg
Siamese,Siamese_247.jpg
Siamese,Siamese_249.jpg
Siamese,Siamese_25.jpg
Siamese,Siamese_250.jpg
Siamese,Siamese_254.jpg
Siamese,Siamese_257.jpg
Siamese,Siamese_26.jpg
Siamese,Siamese_27.jpg
Siamese,Siamese_28.jpg
Siamese,Siamese_29.jpg
Siamese,Siamese_30.jpg
Siamese,Siamese_31.jpg
Siamese,Siamese_32.jpg
Siamese,Siamese_33.jpg
Siamese,Siamese_34.jpg
Siamese,Siamese_35.jpg
Siamese,Siamese_36.jpg
Siamese,Siamese_37.jpg
Siamese,Siamese_39.jpg
Siamese,Siamese_40.jpg
Siamese,Siamese_41.jpg
Siamese,Siamese_42.jpg
Siamese,Siamese_43.jpg
Siamese,Siamese_44.jpg
Siamese,Siamese_46.jpg
Siamese,Siamese_47.jpg
Siamese,Siamese_48.jpg
Siamese,Siamese_49.jpg
Siamese,Siamese_5.jpg
Siamese,Siamese_50.jpg
Siamese,Siamese_51.jpg
Siamese,Siamese_52.jpg
Siamese,Siamese_53.jpg
Siamese,Siamese_54.jpg
Siamese,Siamese_55.jpg
Siamese,Siamese_56.jpg
Siamese,Siamese_57.jpg
Siamese,Siamese_58.jpg
Siamese,Siamese_59.jpg
Siamese,Siamese_6.jpg
Siamese,Siamese_60.jpg
Siamese,Siamese_61.jpg
Siamese,Siamese_63.jpg
Siamese,Siamese_64.jpg
Siamese,Siamese_65.jpg
Siamese,Siamese_66.jpg
Siamese,Siamese_67.jpg
Siamese,Siamese_69.jpg
Siamese,Siamese_70.jpg
Siamese,Siamese_71.jpg
Siamese,Siamese_72.jpg
Siamese,Siamese_73.jpg
Siamese,Siamese_74.jpg
Siamese,Siamese_75.jpg
Siamese,Siamese_76.jpg
Siamese,Siamese_77.jpg
Siamese,Siamese_78.jpg
Siamese,Siamese_79.jpg
Siamese,Siamese_80.jpg
Siamese,Siamese_81.jpg
Siamese,Siamese_82.jpg
Siamese,Siamese_83.jpg
Siamese,Siamese_84.jpg
Siamese,Siamese_85.jpg
Siamese,Siamese_86.jpg
Siamese,Siamese_87.jpg
Siamese,Siamese_88.jpg
Siamese,Siamese_89.jpg
Siamese,Siamese_9.jpg
Siamese,Siamese_90.jpg
Siamese,Siamese_91.jpg
Siamese,Siamese_92.jpg
Siamese,Siamese_93.jpg
Siamese,Siamese_94.jpg
Siamese,Siamese_95.jpg
Siamese,Siamese_96.jpg
Siamese,Siamese_97.jpg
Siamese,Siamese_98.jpg
Siamese,Siamese_99.jpg
Sphynx,Sphynx_1.jpg
Sphynx,Sphynx_102.jpg
Sphynx,Sphynx_103.jpg
Sphynx,Sphynx_104.jpg
Sphynx,Sphynx_105.jpg
Sphynx,Sphynx_107.jpg
Sphynx,Sphynx_108.jpg
Sphynx,Sphynx_11.jpg
Sphynx,Sphynx_110.jpg
Sphynx,Sphynx_111.jpg
Sphynx,Sphynx_112.jpg
Sphynx,Sphynx_114.jpg
Sphynx,Sphynx_115.jpg
Sphynx,Sphynx_116.jpg
Sphynx,Sphynx_117.jpg
Sphynx,Sphynx_119.jpg
Sphynx,Sphynx_12.jpg
Sphynx,Sphynx_121.jpg
Sphynx,Sphynx_122.jpg
Sphynx,Sphynx_124.jpg
Sphynx,Sphynx_125.jpg
Sphynx,Sphynx_126.jpg
Sphynx,Sphynx_127.jpg
Sphynx,Sphynx_128.jpg
Sphynx,Sphynx_129.jpg
Sphynx,Sphynx_130.jpg
Sphynx,Sphynx_131.jpg
Sphynx,Sphynx_132.jpg
Sphynx,Sphynx_133.jpg
Sphynx,Sphynx_134.jpg
Sphynx,Sphynx_136.jpg
Sphynx,Sphynx_137.jpg
Sphynx,Sphynx_138.jpg
Sphynx,Sphynx_139.jpg
Sphynx,Sphynx_14.jpg
Sphynx,Sphynx_141.jpg
Sphynx,Sphynx_142.jpg
Sphynx,Sphynx_143.jpg
Sphynx,Sphynx_144.jpg
Sphynx,Sphynx_145.jpg
Sphynx,Sphynx_146.jpg
Sphynx,Sphynx_148.jpg
Sphynx,Sphynx_15.jpg
Sphynx,Sphynx_150.jpg
Sphynx,Sphynx_151.jpg
Sphynx,Sphynx_152.jpg
Sphynx,Sphynx_153.jpg
Sphynx,Sphynx_155.jpg
Sphynx,Sphynx_156.jpg
Sphynx,Sphynx_157.jpg
Sphynx,Sphynx_158.jpg
Sphynx,Sphynx_159.jpg
Sphynx,Sphynx_160.jpg
Sphynx,Sphynx_162.jpg
Sphynx,Sphynx_164.jpg
Sphynx,Sphynx_165.jpg
Sphynx,Sphynx_166.jpg
Sphynx,Sphynx_167.jpg
Sphynx,Sphynx_168.jpg
Sphynx,Sphynx_169.jpg
Sphynx,Sphynx_17.jpg
Sphynx,Sphynx_170.jpg
Sphynx,Sphynx_171.jpg
Sphynx,Sphynx_172.jpg
Sphynx,Sphynx_173.jpg
Sphynx,Sphynx_174.jpg
Sphynx,Sphynx_175.jpg
Sphynx,Sphynx_176.jpg
Sphynx,Sphynx_177.jpg
Sphynx,Sphynx_178.jpg
Sphynx,Sphynx_179.jpg
Sphynx,Sphynx_18.jpg
Sphynx,Sphynx_180.jpg
Sphynx,Sphynx_181.jpg
Sphynx,Sphynx_182.jpg
Sphynx,Sphynx_183.jpg
Sphynx,Sphynx_184.jpg
Sphynx,Sphynx_185.jpg
Sphynx,Sphynx_186.jpg
Sphynx,Sphynx_187.jpg
Sphynx,Sphynx_188.jpg
Sphynx,Sphynx_189.jpg
Sphynx,Sphynx_19.jpg
Sphynx,Sphynx_190.jpg
Sphynx,Sphynx_191.jpg
Sphynx,Sphynx_192.jpg
Sphynx,Sphynx_193.jpg
Sphynx,Sphynx_194.jpg
Sphynx,Sphynx_195.jpg
Sphynx,Sphynx_196.jpg
Sphynx,Sphynx_197.jpg
Sphynx,Sphynx_198.jpg
Sphynx,Sphynx_199.jpg
Sphynx,Sphynx_2.jpg
Sphynx,Sphynx_20.jpg
Sphynx,Sphynx_200.jpg
Sphynx,Sphynx_201.jpg
Sphynx,Sphynx_202.jpg
Sphynx,Sphynx_203.jpg
Sphynx,Sphynx_204.jpg
Sphynx,Sphynx_205.jpg
Sphynx,Sphynx_206.jpg
Sphynx,Sphynx_21.jpg
Sphynx,Sphynx_211.jpg
Sphynx,Sphynx_212.jpg
Sphynx,Sphynx_213.jpg
Sphynx,Sphynx_222.jpg
Sphynx,Sphynx_223.jpg
Sphynx,Sphynx_228.jpg
Sphynx,Sphynx_229.jpg
Sphynx,Sphynx_23.jpg
Sphynx,Sphynx_230.jpg
Sphynx,Sphynx_231.jpg
Sphynx,Sphynx_232.jpg
Sphynx,Sphynx_233.jpg
Sphynx,Sphynx_234.jpg
Sphynx,Sphynx_235.jpg
Sphynx,Sphynx_236.jpg
Sphynx,Sphynx_237.jpg
Sphynx,Sphynx_238.jpg
Sphynx,Sphynx_239.jpg
Sphynx,Sphynx_24.jpg
Sphynx,Sphynx_240.jpg
Sphynx,Sphynx_241.jpg
Sphynx,Sphynx_242.jpg
Sphynx,Sphynx_243.jpg
Sphynx,Sphynx_244.jpg
Sphynx,Sphynx_245.jpg
Sphynx,Sphynx_246.jpg
Sphynx,Sphynx_247.jpg
Sphynx,Sphynx_248.jpg
Sphynx,Sphynx_249.jpg
Sphynx,Sphynx_25.jpg
Sphynx,Sphynx_250.jpg
Sphynx,Sphynx_251.jpg
Sphynx,Sphynx_252.jpg
Sphynx,Sphynx_27.jpg
Sphynx,Sphynx_28.jpg
Sphynx,Sphynx_29.jpg
Sphynx,Sphynx_3.jpg
Sphynx,Sphynx_30.jpg
Sphynx,Sphynx_31.jpg
Sphynx,Sphynx_33.jpg
Sphynx,Sphynx_34.jpg
Sphynx,Sphynx_36.jpg
Sphynx,Sphynx_37.jpg
Sphynx,Sphynx_38.jpg
Sphynx,Sphynx_39.jpg
Sphynx,Sphynx_4.jpg
Sphynx,Sphynx_40.jpg
Sphynx,Sphynx_41.jpg
Sphynx,Sphynx_42.jpg
Sphynx,Sphynx_43.jpg
Sphynx,Sphynx_44.jpg
Sphynx,Sphynx_45.jpg
Sphynx,Sphynx_46.jpg
Sphynx,Sphynx_47.jpg
Sphynx,Sphynx_48.jpg
Sphynx,Sphynx_49.jpg
Sphynx,Sphynx_5.jpg
Sphynx,Sphynx_51.jpg
Sphynx,Sphynx_53.jpg
Sphynx,Sphynx_54.jpg
Sphynx,Sphynx_55.jpg
Sphynx,Sphynx_56.jpg
Sphynx,Sphynx_57.jpg
Sphynx,Sphynx_58.jpg
Sphynx,Sphynx_59.jpg
Sphynx,Sphynx_61.jpg
Sphynx,Sphynx_65.jpg
Sphynx,Sphynx_66.jpg
Sphynx,Sphynx_67.jpg
Sphynx,Sphynx_70.jpg
Sphynx,Sphynx_71.jpg
Sphynx,Sphynx_72.jpg
Sphynx,Sphynx_73.jpg
Sphynx,Sphynx_74.jpg
Sphynx,Sphynx_75.jpg
Sphynx,Sphynx_76.jpg
Sphynx,Sphynx_77.jpg
Sphynx,Sphynx_78.jpg
Sphynx,Sphynx_8.jpg
Sphynx,Sphynx_80.jpg
Sphynx,Sphynx_82.jpg
Sphynx,Sphynx_83.jpg
Sphynx,Sphynx_84.jpg
Sphynx,Sphynx_85.jpg
Sphynx,Sphynx_87.jpg
Sphynx,Sphynx_88.jpg
Sphynx,Sphynx_89.jpg
Sphynx,Sphynx_9.jpg
Sphynx,Sphynx_90.jpg
Sphynx,Sphynx_91.jpg
Sphynx,Sphynx_92.jpg
Sphynx,Sphynx_93.jpg
Sphynx,Sphynx_94.jpg
Sphynx,Sphynx_95.jpg
Sphynx,Sphynx_96.jpg
Sphynx,Sphynx_98.jpg
Sphynx,Sphynx_99.jpg
